-- phpMyAdmin SQL Dump
-- version 4.8.5
-- https://www.phpmyadmin.net/
--
-- Host: 127.0.0.1:3306
-- Generation Time: 17-Fev-2019 às 18:15
-- Versão do servidor: 10.2.18-MariaDB
-- versão do PHP: 7.2.13

SET SQL_MODE = "NO_AUTO_VALUE_ON_ZERO";
SET AUTOCOMMIT = 0;
START TRANSACTION;
SET time_zone = "+00:00";


/*!40101 SET @OLD_CHARACTER_SET_CLIENT=@@CHARACTER_SET_CLIENT */;
/*!40101 SET @OLD_CHARACTER_SET_RESULTS=@@CHARACTER_SET_RESULTS */;
/*!40101 SET @OLD_COLLATION_CONNECTION=@@COLLATION_CONNECTION */;
/*!40101 SET NAMES utf8mb4 */;

--
-- Database: `u210765844_1`
--
CREATE DATABASE IF NOT EXISTS `u210765844_1` DEFAULT CHARACTER SET utf8 COLLATE utf8_unicode_ci;
USE `u210765844_1`;

-- --------------------------------------------------------

--
-- Estrutura da tabela `cidades`
--

DROP TABLE IF EXISTS `cidades`;
CREATE TABLE `cidades` (
  `id` int(11) NOT NULL,
  `nome` varchar(255) NOT NULL,
  `id_estado` int(11) NOT NULL
) ENGINE=MyISAM DEFAULT CHARSET=utf8;

--
-- Extraindo dados da tabela `cidades`
--

INSERT INTO `cidades` (`id`, `nome`, `id_estado`) VALUES
(1, 'Florianópolis', 24),
(2, 'Balneário Camboriú', 24),
(3, 'Blumenau', 24),
(4, 'Curitibanos', 24),
(5, 'São Paulo', 26),
(6, 'Joinville', 24),
(7, 'Rio de Janeiro', 19),
(8, 'Belo Horizonte', 11),
(9, 'Recife', 16),
(10, 'Salvador', 5),
(11, 'Curitiba', 18);

-- --------------------------------------------------------

--
-- Estrutura da tabela `estados`
--

DROP TABLE IF EXISTS `estados`;
CREATE TABLE `estados` (
  `id` int(2) NOT NULL,
  `sigla` varchar(2) NOT NULL,
  `nome` varchar(255) NOT NULL
) ENGINE=MyISAM DEFAULT CHARSET=utf8;

--
-- Extraindo dados da tabela `estados`
--

INSERT INTO `estados` (`id`, `sigla`, `nome`) VALUES
(2, 'AL', 'Alagoas'),
(1, 'AC', 'Acre'),
(3, 'AM', 'Amazonas'),
(4, 'AP', 'Amapá'),
(5, 'BA', 'Bahia'),
(6, 'CE', 'Ceará'),
(7, 'DF', 'Distrito Federal'),
(8, 'ES', 'Espírito Santo'),
(9, 'GO', 'Goiás'),
(10, 'MA', 'Maranhão'),
(11, 'MG', 'Minas Gerais'),
(12, 'MS', 'Mato Grosso do Sul'),
(13, 'MT', 'Mato Grosso'),
(14, 'PA', 'Pará'),
(15, 'PB', 'Paraíba'),
(16, 'PE', 'Pernambuco'),
(17, 'PI', 'Piauí'),
(18, 'PR', 'Paraná'),
(19, 'RJ', 'Rio de Janeiro'),
(20, 'RN', 'Rio Grande do Norte'),
(21, 'RO', 'Rondônia'),
(22, 'RR', 'Roraima'),
(23, 'RS', 'Rio Grande do Sul'),
(24, 'SC', 'Santa Catarina'),
(25, 'SE', 'Sergipe'),
(26, 'SP', 'São Paulo'),
(27, 'TO', 'Tocantins');

-- --------------------------------------------------------

--
-- Estrutura da tabela `eventos`
--

DROP TABLE IF EXISTS `eventos`;
CREATE TABLE `eventos` (
  `id` int(11) NOT NULL,
  `nome` varchar(255) NOT NULL,
  `local` varchar(255) NOT NULL,
  `endereco` varchar(255) DEFAULT NULL,
  `observacao` varchar(255) DEFAULT NULL,
  `data` timestamp NOT NULL DEFAULT current_timestamp(),
  `id_cidade` int(11) NOT NULL,
  `privado` tinyint(1) NOT NULL DEFAULT 0,
  `link` varchar(255) DEFAULT NULL,
  `map` varchar(255) DEFAULT NULL,
  `id_tipo_evento` int(11) NOT NULL
) ENGINE=MyISAM DEFAULT CHARSET=utf8;

--
-- Extraindo dados da tabela `eventos`
--

INSERT INTO `eventos` (`id`, `nome`, `local`, `endereco`, `observacao`, `data`, `id_cidade`, `privado`, `link`, `map`, `id_tipo_evento`) VALUES
(276, 'Meditação da Lua Cheia', 'Parque Ramiro Ruediger', '', '', '2017-03-04 03:57:26', 3, 0, '', 'https://www.google.com.br/maps/dir/@-26.9138598,-49.086101,17z/data=!4m4!1m3!3m2!1s0x94df192c74b4af19:0xcbfa9dde180aaf3!2sParque+Ramiro+Ruediger+-+R.+Alberto+Stein,+416+-+Velha,+Blumenau+-+SC', 1),
(275, 'Meditação da Lua Cheia', 'Parque Ramiro Ruediger', '', '', '2017-03-04 03:57:26', 3, 0, '', 'https://www.google.com.br/maps/dir/@-26.9138598,-49.086101,17z/data=!4m4!1m3!3m2!1s0x94df192c74b4af19:0xcbfa9dde180aaf3!2sParque+Ramiro+Ruediger+-+R.+Alberto+Stein,+416+-+Velha,+Blumenau+-+SC', 1),
(274, 'Meditação da Lua Cheia', 'Parque Ramiro Ruediger', '', '', '2017-03-04 03:57:26', 3, 0, '', 'https://www.google.com.br/maps/dir/@-26.9138598,-49.086101,17z/data=!4m4!1m3!3m2!1s0x94df192c74b4af19:0xcbfa9dde180aaf3!2sParque+Ramiro+Ruediger+-+R.+Alberto+Stein,+416+-+Velha,+Blumenau+-+SC', 1),
(268, 'Arte do Silêncio', 'Montanha Encantada (Garopaba/SC)', 'Rua Luiz Silveira Soares Nº 108 - Garopaba', 'Chegada: Qua 18h-23h - Término: Dom 15h', '2017-03-04 04:12:34', 1, 1, 'http://www.artedeviver.org.br/atividadedetalhe.php?codturma=5342', 'https://www.google.com.br/maps/place/Centro+de+Yoga+Montanha+Encantada+-+Rua+Luiz+Silveira+Soares,+108+-+Encantada,+Garopaba+-+SC,+88495-000/@-28.0602189,-48.6793017,17z/data=!4m2!3m1!1s0x9526d2f5635c2bdf:0x9eb0e21bf77c40b2', 4),
(267, 'Sahaj Samadhi', 'JGH', 'Osvaldo Calixto Lima (João Paulo)', '10/out - 12/out: 19h30 - 21h30', '2017-02-21 00:57:26', 1, 0, 'http://www.artedeviver.org.br/atividadedetalhe.php?codturma=5354', 'https://www.google.com.br/maps/place/Arte+de+Viver+-+Florian%C3%B3polis+-+R.+Osvaldo+Calixto+de+Lima,+79+-+Jo%C3%A3o+Paulo,+Florian%C3%B3polis+-+SC,+88030-540/@-27.5579835,-48.5061671,17z/data=!4m2!3m1!1s0x9527389d37323093:0x90dff3559993b212', 2),
(266, 'Happiness Program', 'Hotel Maria do Mar (João Paulo)', 'Rodovia João Paulo, 2285', 'Qui/Sex/Seg: 19h30-23h; Sáb/Dom: 10h-18h', '2017-02-21 00:57:29', 1, 0, 'http://www.artedeviver.org.br/atividadedetalhe.php?codturma=5442', 'https://www.google.com.br/maps/place/Maria+do+Mar+Hotel+-+Jo%EF%BF%BDo,+Rodovia+Jo%C3%A3o+Paulo,+2285+-+Jo%C3%A3o+Paulo,+Florian%C3%B3polis+-+SC,+88030-300/@-27.5557357,-48.5091145,16z/data=!4m2!3m1!1s0x9527477d00ae732b:0xd2bcbaa6036deb39', 2),
(265, 'Happiness Program', 'JGH', 'Osvaldo Calixto Lima (João Paulo)', 'Qui/Sex/Seg: 19h30-23h; Sáb/Dom: 10h-18h', '2017-02-21 00:57:38', 1, 0, 'http://www.artedeviver.org.br/atividadedetalhe.php?codturma=5441', 'https://www.google.com.br/maps/place/Arte+de+Viver+-+Florian%C3%B3polis+-+R.+Osvaldo+Calixto+de+Lima,+79+-+Jo%C3%A3o+Paulo,+Florian%C3%B3polis+-+SC,+88030-540/@-27.5579835,-48.5061671,17z/data=!4m2!3m1!1s0x9527389d37323093:0x90dff3559993b212', 2),
(260, 'Satsang', 'JGH', 'Osvaldo Calixto Lima (João Paulo)', '', '2017-03-04 04:12:34', 1, 1, '', 'https://www.google.com.br/maps/place/Arte+de+Viver+-+Florian%C3%B3polis+-+R.+Osvaldo+Calixto+de+Lima,+79+-+Jo%C3%A3o+Paulo,+Florian%C3%B3polis+-+SC,+88030-540/@-27.5579835,-48.5061671,17z/data=!4m2!3m1!1s0x9527389d37323093:0x90dff3559993b212', 4),
(258, 'Satsang', 'JGH', 'Osvaldo Calixto Lima (João Paulo)', '', '2017-03-04 04:12:34', 1, 1, '', 'https://www.google.com.br/maps/place/Arte+de+Viver+-+Florian%C3%B3polis+-+R.+Osvaldo+Calixto+de+Lima,+79+-+Jo%C3%A3o+Paulo,+Florian%C3%B3polis+-+SC,+88030-540/@-27.5579835,-48.5061671,17z/data=!4m2!3m1!1s0x9527389d37323093:0x90dff3559993b212', 4),
(257, 'Satsang', 'JGH', 'Osvaldo Calixto Lima (João Paulo)', '', '2017-03-04 04:12:34', 1, 1, '', 'https://www.google.com.br/maps/place/Arte+de+Viver+-+Florian%C3%B3polis+-+R.+Osvaldo+Calixto+de+Lima,+79+-+Jo%C3%A3o+Paulo,+Florian%C3%B3polis+-+SC,+88030-540/@-27.5579835,-48.5061671,17z/data=!4m2!3m1!1s0x9527389d37323093:0x90dff3559993b212', 4),
(256, 'Satsang', 'JGH', 'Osvaldo Calixto Lima (João Paulo)', '', '2017-03-04 04:12:34', 1, 1, '', 'https://www.google.com.br/maps/place/Arte+de+Viver+-+Florian%C3%B3polis+-+R.+Osvaldo+Calixto+de+Lima,+79+-+Jo%C3%A3o+Paulo,+Florian%C3%B3polis+-+SC,+88030-540/@-27.5579835,-48.5061671,17z/data=!4m2!3m1!1s0x9527389d37323093:0x90dff3559993b212', 4),
(255, 'Satsang', 'JGH', 'Osvaldo Calixto Lima (João Paulo)', '', '2017-03-04 04:12:34', 1, 1, '', 'https://www.google.com.br/maps/place/Arte+de+Viver+-+Florian%C3%B3polis+-+R.+Osvaldo+Calixto+de+Lima,+79+-+Jo%C3%A3o+Paulo,+Florian%C3%B3polis+-+SC,+88030-540/@-27.5579835,-48.5061671,17z/data=!4m2!3m1!1s0x9527389d37323093:0x90dff3559993b212', 4),
(251, 'Meditação da Lua Cheia', 'Beira Mar', 'Beira Mar (Atrás da estação de tratamento da Casan)', '', '2017-03-04 03:57:26', 1, 0, '', 'https://www.google.com.br/maps/place/Av.+Jorn.+Rub%C3%A9ns+de+Arruda+Ramos,+4572-5198+-+Centro,+Florian%C3%B3polis+-+SC,+88015-702/@-27.5850001,-48.5490212,18z/data=!4m2!3m1!1s0x9527381a224184ed:0x89b1e43715d58b02', 1),
(243, 'Meditação da Lua Cheia', 'Beira Mar', 'Beira Mar (Atrás da estação de tratamento da Casan)', '', '2017-03-04 03:57:26', 1, 0, '', 'https://www.google.com.br/maps/place/Av.+Jorn.+Rub%C3%A9ns+de+Arruda+Ramos,+4572-5198+-+Centro,+Florian%C3%B3polis+-+SC,+88015-702/@-27.5850001,-48.5490212,18z/data=!4m2!3m1!1s0x9527381a224184ed:0x89b1e43715d58b02', 1),
(273, 'Meditação da Lua Cheia', 'Parque Ramiro Ruediger', '', '', '2017-03-04 03:57:26', 3, 0, '', 'https://www.google.com.br/maps/dir/@-26.9138598,-49.086101,17z/data=!4m4!1m3!3m2!1s0x94df192c74b4af19:0xcbfa9dde180aaf3!2sParque+Ramiro+Ruediger+-+R.+Alberto+Stein,+416+-+Velha,+Blumenau+-+SC', 1),
(435, 'Aula Experimental', 'Floreser Desenvolvimento Humano', 'Rua Suíça, 487', '', '2016-09-28 19:30:00', 2, 0, '', 'https://www.google.com.br/maps/place/R.+Su%C3%AD%C3%A7a,+487+-+Na%C3%A7%C3%B5es,+Balne%C3%A1rio+Cambori%C3%BA+-+SC,+Brasil/@-26.9752452,-48.64366,19z/data=!4m2!3m1!1s0x94d8ca1b610f3e4d:0x43d1b53003288544', 0),
(434, 'Aula de Yoga + Meditação', 'Praia Central, em frente à rua 2.700', '', '', '2017-03-04 03:57:26', 2, 0, '', 'https://www.google.com.br/maps/dir/@-26.9959427,-48.6273231,18z/data=!4m4!1m3!3m2!1s0x94d8b60d8d3e275f:0x65ddc582a4c5c240!2sR.+2700+-+Centro,+Balne%C3%A1rio+Cambori%C3%BA+-+SC', 1),
(272, 'Meditação da Lua Cheia', 'Parque Ramiro Ruediger', '', '', '2017-03-04 03:57:26', 3, 0, '', 'https://www.google.com.br/maps/dir/@-26.9138598,-49.086101,17z/data=!4m4!1m3!3m2!1s0x94df192c74b4af19:0xcbfa9dde180aaf3!2sParque+Ramiro+Ruediger+-+R.+Alberto+Stein,+416+-+Velha,+Blumenau+-+SC', 1),
(432, 'Meditação com Trilha', 'Local e horário a definir', '', '', '2017-03-04 03:57:26', 2, 0, '', '', 1),
(433, 'Meditação com Trilha e SUP', 'Local e horário a definir', '', '', '2017-03-04 03:57:26', 2, 0, '', '', 1),
(429, 'Halloween Arte de Viver', 'Local a definir', '', '', '2016-10-29 20:00:00', 2, 0, '', '', 0),
(430, 'América Medita', 'Barra Sul', '', '', '2016-11-19 17:00:00', 2, 0, '', '', 0),
(431, 'Satsang de Final de Ano', 'Local a definir', '', '', '2017-03-04 04:12:34', 2, 0, '', '', 4),
(427, 'Meditação do Sol', 'Local e horário a definir', '', '', '2017-03-04 03:57:26', 2, 0, '', '', 1),
(428, 'Meditação com Trilha', 'Trilha do Cambirela', '', '', '2017-03-04 03:57:26', 2, 0, '', '', 1),
(425, 'Meditação do Sol', 'Local e horário a definir', '', '', '2017-03-04 03:57:26', 2, 0, '', '', 1),
(426, 'Meditação da Lua Cheia', 'Praia Central, em frente à rua 2.700', '', '', '2017-03-04 03:57:26', 2, 0, '', 'https://www.google.com.br/maps/dir/@-26.9959427,-48.6273231,18z/data=!4m4!1m3!3m2!1s0x94d8b60d8d3e275f:0x65ddc582a4c5c240!2sR.+2700+-+Centro,+Balne%C3%A1rio+Cambori%C3%BA+-+SC', 1),
(423, 'Sahaj Samadhi', 'Floreser Desenvolvimento Humano', 'Rua Suíça, 487', 'Dias 10, 11 e 12/fevereiro', '2017-02-10 00:00:00', 2, 0, '', 'https://www.google.com.br/maps/place/R.+Su%C3%AD%C3%A7a,+487+-+Na%C3%A7%C3%B5es,+Balne%C3%A1rio+Cambori%C3%BA+-+SC,+Brasil/@-26.9752452,-48.64366,19z/data=!4m2!3m1!1s0x94d8ca1b610f3e4d:0x43d1b53003288544', 0),
(424, 'Meditação da Lua Cheia', 'Praia Central, em frente à rua 2.700', '', '', '2017-03-04 03:57:26', 2, 0, '', 'https://www.google.com.br/maps/dir/@-26.9959427,-48.6273231,18z/data=!4m4!1m3!3m2!1s0x94d8b60d8d3e275f:0x65ddc582a4c5c240!2sR.+2700+-+Centro,+Balne%C3%A1rio+Cambori%C3%BA+-+SC', 1),
(422, 'Happiness Program', 'Floreser Desenvolvimento Humano', 'Rua Suíça, 487', 'Qui/Sex/Seg: 19h30-23h; Sáb/Dom: 10h-18h', '2017-02-02 19:30:00', 2, 0, '', 'https://www.google.com.br/maps/place/R.+Su%C3%AD%C3%A7a,+487+-+Na%C3%A7%C3%B5es,+Balne%C3%A1rio+Cambori%C3%BA+-+SC,+Brasil/@-26.9752452,-48.64366,19z/data=!4m2!3m1!1s0x94d8ca1b610f3e4d:0x43d1b53003288544', 0),
(421, 'Yes!', 'Floreser Desenvolvimento Humano', 'Rua Suíça, 487', '26 a 30/jan', '2017-01-26 00:00:00', 2, 0, '', 'https://www.google.com.br/maps/place/R.+Su%C3%AD%C3%A7a,+487+-+Na%C3%A7%C3%B5es,+Balne%C3%A1rio+Cambori%C3%BA+-+SC,+Brasil/@-26.9752452,-48.64366,19z/data=!4m2!3m1!1s0x94d8ca1b610f3e4d:0x43d1b53003288544', 0),
(418, 'Meditação da Lua Cheia', 'Praia Central, em frente à rua 2.700', '', '', '2017-03-04 03:57:26', 2, 0, '', 'https://www.google.com.br/maps/dir/@-26.9959427,-48.6273231,18z/data=!4m4!1m3!3m2!1s0x94d8b60d8d3e275f:0x65ddc582a4c5c240!2sR.+2700+-+Centro,+Balne%C3%A1rio+Cambori%C3%BA+-+SC', 1),
(419, 'Meditação do Sol', 'Local e horário a definir', '', '', '2017-03-04 03:57:26', 2, 0, '', '', 1),
(420, 'ART Excel (8 a 12 anos)', 'Floreser Desenvolvimento Humano', 'Rua Suíça, 487', 'Curso de 5 dias consecutivos\nde segunda a sexta das 14h às 17h30', '2017-01-23 14:00:00', 2, 0, 'http://www.artedeviver.org.br/atividadedetalhe.php?codturma=4836', 'https://www.google.com.br/maps/place/R.+Su%C3%AD%C3%A7a,+487+-+Na%C3%A7%C3%B5es,+Balne%C3%A1rio+Cambori%C3%BA+-+SC,+Brasil/@-26.9752452,-48.64366,19z/data=!4m2!3m1!1s0x94d8ca1b610f3e4d:0x43d1b53003288544', 0),
(244, 'Meditação da Lua Cheia', 'Jurerê - GoSunset (Areia)', 'Divisa entre Jurerê Internacional e Tradicional', '', '2017-03-04 03:57:26', 1, 0, '', 'https://www.google.com.br/maps/dir/@-27.4380443,-48.4933288,18z', 1),
(240, 'Medita Floripa', 'Beira Mar', '', 'Atrás da estação de tratamento da Casan', '2016-09-11 10:00:00', 1, 0, '', 'https://www.google.com.br/maps/place/Av.+Jorn.+Rub%C3%A9ns+de+Arruda+Ramos,+4572-5198+-+Centro,+Florian%C3%B3polis+-+SC,+88015-702/@-27.5850001,-48.5490212,18z/data=!4m2!3m1!1s0x9527381a224184ed:0x89b1e43715d58b02', 1),
(239, 'Medita Floripa', 'Beira Mar', '', 'Atrás da estação de tratamento da Casan', '2016-09-04 10:00:00', 1, 0, '', 'https://www.google.com.br/maps/place/Av.+Jorn.+Rub%C3%A9ns+de+Arruda+Ramos,+4572-5198+-+Centro,+Florian%C3%B3polis+-+SC,+88015-702/@-27.5850001,-48.5490212,18z/data=!4m2!3m1!1s0x9527381a224184ed:0x89b1e43715d58b02', 1),
(271, 'Meditação da Lua Cheia', 'Parque Ramiro Ruediger', '', '', '2017-03-04 03:57:26', 3, 0, '', 'https://www.google.com.br/maps/dir/@-26.9138598,-49.086101,17z/data=!4m4!1m3!3m2!1s0x94df192c74b4af19:0xcbfa9dde180aaf3!2sParque+Ramiro+Ruediger+-+R.+Alberto+Stein,+416+-+Velha,+Blumenau+-+SC', 1),
(416, 'Meditação do Sol', 'Local e horário a definir', '', '', '2017-03-04 03:57:26', 2, 0, '', '', 1),
(417, 'Meditação da Lua Cheia', 'Praia Central, em frente à rua 2.700', '', '', '2017-03-04 03:57:26', 2, 0, '', 'https://www.google.com.br/maps/dir/@-26.9959427,-48.6273231,18z/data=!4m4!1m3!3m2!1s0x94d8b60d8d3e275f:0x65ddc582a4c5c240!2sR.+2700+-+Centro,+Balne%C3%A1rio+Cambori%C3%BA+-+SC', 1),
(401, 'Meditação da Lua Cheia', 'Praia Central, em frente à rua 2.700', '', '', '2017-03-04 03:57:26', 2, 0, '', 'https://www.google.com.br/maps/dir/@-26.9959427,-48.6273231,18z/data=!4m4!1m3!3m2!1s0x94d8b60d8d3e275f:0x65ddc582a4c5c240!2sR.+2700+-+Centro,+Balne%C3%A1rio+Cambori%C3%BA+-+SC', 1),
(402, 'Yes!', 'Floreser Desenvolvimento Humano', 'Rua Suíça, 487', 'Dias 21 a 25/Julho', '2016-07-21 00:00:00', 2, 0, 'http://www.artedeviver.org.br/atividadedetalhe.php?codturma=4835', 'https://www.google.com.br/maps/place/R.+Su%C3%AD%C3%A7a,+487+-+Na%C3%A7%C3%B5es,+Balne%C3%A1rio+Cambori%C3%BA+-+SC,+Brasil/@-26.9752452,-48.64366,19z/data=!4m2!3m1!1s0x94d8ca1b610f3e4d:0x43d1b53003288544', 0),
(403, 'Meditação do Sol', 'Local e horário a definir', '', '', '2017-03-04 03:57:26', 2, 0, '', '', 1),
(404, 'Meditação da Lua Cheia', 'Praia Central, em frente à rua 2.700', '', '', '2017-03-04 03:57:26', 2, 0, '', 'https://www.google.com.br/maps/dir/@-26.9959427,-48.6273231,18z/data=!4m4!1m3!3m2!1s0x94d8b60d8d3e275f:0x65ddc582a4c5c240!2sR.+2700+-+Centro,+Balne%C3%A1rio+Cambori%C3%BA+-+SC', 1),
(405, 'Meditação do Sol', 'Local e horário a definir', '', '', '2017-03-04 03:57:26', 2, 0, '', '', 1),
(406, 'Sri Sri Yoga', 'Floreser Desenvolvimento Humano', 'Rua Suíça, 487', '', '2016-09-08 20:00:00', 2, 0, 'http://www.artedeviver.org.br/atividadedetalhe.php?codturma=5594', 'https://www.google.com.br/maps/place/R.+Su%C3%AD%C3%A7a,+487+-+Na%C3%A7%C3%B5es,+Balne%C3%A1rio+Cambori%C3%BA+-+SC,+Brasil/@-26.9752452,-48.64366,19z/data=!4m2!3m1!1s0x94d8ca1b610f3e4d:0x43d1b53003288544', 0),
(387, 'Satsang', 'Floreser Desenvolvimento Humano', 'Rua Suíça, 487', '', '2017-03-04 04:12:34', 2, 1, '', 'https://www.google.com.br/maps/place/R.+Su%C3%AD%C3%A7a,+487+-+Na%C3%A7%C3%B5es,+Balne%C3%A1rio+Cambori%C3%BA+-+SC,+Brasil/@-26.9752452,-48.64366,19z/data=!4m2!3m1!1s0x94d8ca1b610f3e4d:0x43d1b53003288544', 4),
(236, 'Medita Floripa', 'Beira Mar', '', 'Atrás da estação de tratamento da Casan', '2016-08-14 10:00:00', 1, 0, '', 'https://www.google.com.br/maps/place/Av.+Jorn.+Rub%C3%A9ns+de+Arruda+Ramos,+4572-5198+-+Centro,+Florian%C3%B3polis+-+SC,+88015-702/@-27.5850001,-48.5490212,18z/data=!4m2!3m1!1s0x9527381a224184ed:0x89b1e43715d58b02', 1),
(410, 'Meditação do Sol', 'Local e horário a definir', '', '', '2017-03-04 03:57:26', 2, 0, '', '', 1),
(270, 'Meditação da Lua Cheia', 'Parque Ramiro Ruediger', '', '', '2017-03-04 03:57:26', 3, 0, '', 'https://www.google.com.br/maps/dir/@-26.9138598,-49.086101,17z/data=!4m4!1m3!3m2!1s0x94df192c74b4af19:0xcbfa9dde180aaf3!2sParque+Ramiro+Ruediger+-+R.+Alberto+Stein,+416+-+Velha,+Blumenau+-+SC', 1),
(438, 'Satsang', 'JGH', 'Osvaldo Calixto Lima (João Paulo)', '', '2017-03-04 04:12:34', 1, 1, '', 'https://www.google.com.br/maps/place/Arte+de+Viver+-+Florian%C3%B3polis+-+R.+Osvaldo+Calixto+de+Lima,+79+-+Jo%C3%A3o+Paulo,+Florian%C3%B3polis+-+SC,+88030-540/@-27.5579835,-48.5061671,17z/data=!4m2!3m1!1s0x9527389d37323093:0x90dff3559993b212', 4),
(277, 'Happiness Program', 'Stefan Grand Chef', 'Rua Pastor Oswaldo Hesse 1501 - Ribeirão Fresco', 'Qui/Sex/Seg: 19h-22h30; Sáb/Dom: 10h-18h', '2016-09-23 19:00:00', 3, 0, 'http://www.artedeviver.org.br/atividadedetalhe.php?codturma=5084', 'https://www.google.com.br/maps/place/R.+Pastor+Osvaldo+Hesse,+1501+-+Ribeir%C3%A3o+Fresco,+Blumenau+-+SC,+89015-100/@-26.9236301,-49.0404059,16z/data=!4m2!3m1!1s0x94df18822231b1c7:0xb6cd1554a3578b45', 0),
(261, 'Satsang', 'JGH', 'Osvaldo Calixto Lima (João Paulo)', 'Kryia longo', '2017-03-04 04:12:34', 1, 1, '', 'https://www.google.com.br/maps/place/Arte+de+Viver+-+Florian%C3%B3polis+-+R.+Osvaldo+Calixto+de+Lima,+79+-+Jo%C3%A3o+Paulo,+Florian%C3%B3polis+-+SC,+88030-540/@-27.5579835,-48.5061671,17z/data=!4m2!3m1!1s0x9527389d37323093:0x90dff3559993b212', 4),
(262, 'Aula Experimental', 'JGH', 'Osvaldo Calixto Lima (João Paulo)', '', '2016-09-13 20:00:00', 1, 0, '', 'https://www.google.com.br/maps/place/Arte+de+Viver+-+Florian%C3%B3polis+-+R.+Osvaldo+Calixto+de+Lima,+79+-+Jo%C3%A3o+Paulo,+Florian%C3%B3polis+-+SC,+88030-540/@-27.5579835,-48.5061671,17z/data=!4m2!3m1!1s0x9527389d37323093:0x90dff3559993b212', 1),
(263, 'Aula Experimental', 'JGH', 'Osvaldo Calixto Lima (João Paulo)', '', '2016-09-20 20:00:00', 1, 0, '', 'https://www.google.com.br/maps/place/Arte+de+Viver+-+Florian%C3%B3polis+-+R.+Osvaldo+Calixto+de+Lima,+79+-+Jo%C3%A3o+Paulo,+Florian%C3%B3polis+-+SC,+88030-540/@-27.5579835,-48.5061671,17z/data=!4m2!3m1!1s0x9527389d37323093:0x90dff3559993b212', 1),
(264, 'Aula Experimental', 'JGH', 'Osvaldo Calixto Lima (João Paulo)', '', '2016-09-27 20:00:00', 1, 0, '', 'https://www.google.com.br/maps/place/Arte+de+Viver+-+Florian%C3%B3polis+-+R.+Osvaldo+Calixto+de+Lima,+79+-+Jo%C3%A3o+Paulo,+Florian%C3%B3polis+-+SC,+88030-540/@-27.5579835,-48.5061671,17z/data=!4m2!3m1!1s0x9527389d37323093:0x90dff3559993b212', 1),
(269, 'Palestra Equilíbrio e Felicidade - Lidando com desafios na era das distrações - com Swami Paramtej', 'Hotel Canasvieiras Internacional', ' Me. Maria Vilac, 2020 - Canasvieiras', '20h - 22h', '2016-09-14 20:00:00', 1, 0, 'http://www.artedeviver.org.br/atividadedetalhe.php?codturma=5653', 'https://www.google.com.br/maps/place/Hotel+Canasvieiras+Internacional+-+HCI+-+R.+Me.+Maria+Vilac,+2020+-+Canasvieiras,+Florian%C3%B3polis+-+SC,+88054-001/@-27.428613,-48.450843,16z/data=!4m2!3m1!1s0x952743a4ead78401:0x5ff42980b677d60f', 1),
(254, 'Satsang', 'JGH', 'Osvaldo Calixto Lima (João Paulo)', '', '2017-03-04 04:12:34', 1, 1, '', 'https://www.google.com.br/maps/place/Arte+de+Viver+-+Florian%C3%B3polis+-+R.+Osvaldo+Calixto+de+Lima,+79+-+Jo%C3%A3o+Paulo,+Florian%C3%B3polis+-+SC,+88030-540/@-27.5579835,-48.5061671,17z/data=!4m2!3m1!1s0x9527389d37323093:0x90dff3559993b212', 4),
(252, 'Meditação da Lua Cheia', 'Jurerê - GoSunset (Areia)', 'Divisa entre Jurerê Internacional e Tradicional', '', '2017-03-04 03:57:26', 1, 0, '', 'http://maps.google.com/?q=R.+das+Algas%2C+725-737+-+Jurer%C3%AA%2C+Florian%C3%B3polis+-+SC%2C+88053-505&ftid=0x9527446162cb77e5:0x75cc58d0e6aff6be&hl=en&gl=us', 1),
(253, 'Satsang', 'JGH', 'Osvaldo Calixto Lima (João Paulo)', '', '2017-03-04 04:12:34', 1, 1, '', 'https://www.google.com.br/maps/place/Arte+de+Viver+-+Florian%C3%B3polis+-+R.+Osvaldo+Calixto+de+Lima,+79+-+Jo%C3%A3o+Paulo,+Florian%C3%B3polis+-+SC,+88030-540/@-27.5579835,-48.5061671,17z/data=!4m2!3m1!1s0x9527389d37323093:0x90dff3559993b212', 4),
(250, 'Meditação da Lua Cheia', 'Jurerê - GoSunset (Areia)', 'Divisa entre Jurerê Internacional e Tradicional', '', '2017-03-04 03:57:26', 1, 0, '', 'http://maps.google.com/?q=R.+das+Algas%2C+725-737+-+Jurer%C3%AA%2C+Florian%C3%B3polis+-+SC%2C+88053-505&ftid=0x9527446162cb77e5:0x75cc58d0e6aff6be&hl=en&gl=us', 1),
(249, 'Meditação da Lua Cheia', 'Beira Mar', 'Beira Mar (Atrás da estação de tratamento da Casan)', '', '2017-03-04 03:57:26', 1, 0, '', 'https://www.google.com.br/maps/place/Av.+Jorn.+Rub%C3%A9ns+de+Arruda+Ramos,+4572-5198+-+Centro,+Florian%C3%B3polis+-+SC,+88015-702/@-27.5850001,-48.5490212,18z/data=!4m2!3m1!1s0x9527381a224184ed:0x89b1e43715d58b02', 1),
(248, 'Meditação da Lua Cheia', 'Jurerê - GoSunset (Areia)', 'Divisa entre Jurerê Internacional e Tradicional', '', '2017-03-04 03:57:26', 1, 0, '', 'http://maps.google.com/?q=R.+das+Algas%2C+725-737+-+Jurer%C3%AA%2C+Florian%C3%B3polis+-+SC%2C+88053-505&ftid=0x9527446162cb77e5:0x75cc58d0e6aff6be&hl=en&gl=us', 1),
(346, 'Happiness Program', '', 'Rua Madre Iva Poupon, 69', 'Qui/Sex/Seg: 19h30-23h; Sáb/Dom: 10h-18h', '2016-10-20 19:30:00', 4, 0, 'http://www.artedeviver.org.br/atividadedetalhe.php?codturma=5771', 'https://www.google.com.br/maps/place/R.+Me.+Iv%C3%A3+Poupon,+69+-+Vila+Nossa+Sra.+Aparecida,+Curitibanos+-+SC,+89520-000/@-27.2987962,-50.5787391,16z/data=!4m2!3m1!1s0x94e0f926c1053cc5:0xb93b21153a91f371', 0),
(247, 'Meditação da Lua Cheia', 'Beira Mar', 'Beira Mar (Atrás da estação de tratamento da Casan)', '', '2017-03-04 03:57:26', 1, 0, '', 'https://www.google.com.br/maps/place/Av.+Jorn.+Rub%C3%A9ns+de+Arruda+Ramos,+4572-5198+-+Centro,+Florian%C3%B3polis+-+SC,+88015-702/@-27.5850001,-48.5490212,18z/data=!4m2!3m1!1s0x9527381a224184ed:0x89b1e43715d58b02', 1),
(245, 'Meditação da Lua Cheia', 'Beira Mar', 'Beira Mar (Atrás da estação de tratamento da Casan)', '', '2017-03-04 03:57:26', 1, 0, '', 'https://www.google.com.br/maps/place/Av.+Jorn.+Rub%C3%A9ns+de+Arruda+Ramos,+4572-5198+-+Centro,+Florian%C3%B3polis+-+SC,+88015-702/@-27.5850001,-48.5490212,18z/data=!4m2!3m1!1s0x9527381a224184ed:0x89b1e43715d58b02', 1),
(241, 'Medita Floripa', 'Beira Mar', '', 'Atrás da estação de tratamento da Casan', '2016-09-18 10:00:00', 1, 0, '', 'https://www.google.com.br/maps/place/Av.+Jorn.+Rub%C3%A9ns+de+Arruda+Ramos,+4572-5198+-+Centro,+Florian%C3%B3polis+-+SC,+88015-702/@-27.5850001,-48.5490212,18z/data=!4m2!3m1!1s0x9527381a224184ed:0x89b1e43715d58b02', 1),
(242, 'Medita Floripa', 'Beira Mar', '', 'Atrás da estação de tratamento da Casan', '2016-09-25 10:00:00', 1, 0, '', 'https://www.google.com.br/maps/place/Av.+Jorn.+Rub%C3%A9ns+de+Arruda+Ramos,+4572-5198+-+Centro,+Florian%C3%B3polis+-+SC,+88015-702/@-27.5850001,-48.5490212,18z/data=!4m2!3m1!1s0x9527381a224184ed:0x89b1e43715d58b02', 1),
(238, 'Medita Floripa', 'Beira Mar', '', 'Atrás da estação de tratamento da Casan', '2016-08-28 10:00:00', 1, 0, '', 'https://www.google.com.br/maps/place/Av.+Jorn.+Rub%C3%A9ns+de+Arruda+Ramos,+4572-5198+-+Centro,+Florian%C3%B3polis+-+SC,+88015-702/@-27.5850001,-48.5490212,18z/data=!4m2!3m1!1s0x9527381a224184ed:0x89b1e43715d58b02', 1),
(237, 'Medita Floripa', 'Beira Mar', '', 'Atrás da estação de tratamento da Casan', '2016-08-21 10:00:00', 1, 0, '', 'https://www.google.com.br/maps/place/Av.+Jorn.+Rub%C3%A9ns+de+Arruda+Ramos,+4572-5198+-+Centro,+Florian%C3%B3polis+-+SC,+88015-702/@-27.5850001,-48.5490212,18z/data=!4m2!3m1!1s0x9527381a224184ed:0x89b1e43715d58b02', 1),
(415, 'Happiness Program', 'Floreser Desenvolvimento Humano', 'Rua Suíça, 487', '6a feira:19h30 às 23h - \nsábado e domingo:9h30 às 12h30', '2016-12-02 19:30:00', 2, 0, 'http://www.artedeviverbrasil.org.br/atividadedetalhe.php?codturma=5860', 'https://www.google.com.br/maps/place/R.+Su%C3%AD%C3%A7a,+487+-+Na%C3%A7%C3%B5es,+Balne%C3%A1rio+Cambori%C3%BA+-+SC,+Brasil/@-26.9752452,-48.64366,19z/data=!4m2!3m1!1s0x94d8ca1b610f3e4d:0x43d1b53003288544', 0),
(413, 'Meditação do Sol', 'Local e horário a definir', '', '', '2017-03-04 03:57:26', 2, 0, '', '', 1),
(414, 'Meditação da Lua Cheia', 'Praia Central, em frente à rua 2.700', '', '', '2017-03-04 03:57:26', 2, 0, '', 'https://www.google.com.br/maps/dir/@-26.9959427,-48.6273231,18z/data=!4m4!1m3!3m2!1s0x94d8b60d8d3e275f:0x65ddc582a4c5c240!2sR.+2700+-+Centro,+Balne%C3%A1rio+Cambori%C3%BA+-+SC', 1),
(437, 'Satsang', 'JGH', 'Osvaldo Calixto Lima (João Paulo)', 'Kriya longo', '2017-03-04 04:12:34', 1, 1, '', 'https://www.google.com.br/maps/place/Arte+de+Viver+-+Florian%C3%B3polis+-+R.+Osvaldo+Calixto+de+Lima,+79+-+Jo%C3%A3o+Paulo,+Florian%C3%B3polis+-+SC,+88030-540/@-27.5579835,-48.5061671,17z/data=!4m2!3m1!1s0x9527389d37323093:0x90dff3559993b212', 4),
(412, 'Meditação da Lua Cheia', 'Praia Central, em frente à rua 2.700', '', '', '2017-03-04 03:57:26', 2, 0, '', 'https://www.google.com.br/maps/dir/@-26.9959427,-48.6273231,18z/data=!4m4!1m3!3m2!1s0x94d8b60d8d3e275f:0x65ddc582a4c5c240!2sR.+2700+-+Centro,+Balne%C3%A1rio+Cambori%C3%BA+-+SC', 1),
(411, 'Sahaj Samadhi', 'Floreser Desenvolvimento Humano', 'Rua Suíça, 487', 'Dias 14 a 16/Out das19h30 as 22 (sexta) e 10h as 12h (sáb e dom)', '2016-10-14 19:30:00', 2, 0, '', 'https://www.google.com.br/maps/place/R.+Su%C3%AD%C3%A7a,+487+-+Na%C3%A7%C3%B5es,+Balne%C3%A1rio+Cambori%C3%BA+-+SC,+Brasil/@-26.9752452,-48.64366,19z/data=!4m2!3m1!1s0x94d8ca1b610f3e4d:0x43d1b53003288544', 0),
(439, 'Satsang', 'JGH', 'Osvaldo Calixto Lima (João Paulo)', '', '2017-03-04 04:12:34', 1, 1, '', 'https://www.google.com.br/maps/place/Arte+de+Viver+-+Florian%C3%B3polis+-+R.+Osvaldo+Calixto+de+Lima,+79+-+Jo%C3%A3o+Paulo,+Florian%C3%B3polis+-+SC,+88030-540/@-27.5579835,-48.5061671,17z/data=!4m2!3m1!1s0x9527389d37323093:0x90dff3559993b212', 4),
(407, 'Meditação da Lua Cheia', 'Praia Central, em frente à rua 2.700', 'Local: Praia Central, em frente à rua 2.700', '', '2017-03-04 03:57:26', 2, 0, '', 'https://www.google.com.br/maps/dir/@-26.9959427,-48.6273231,18z/data=!4m4!1m3!3m2!1s0x94d8b60d8d3e275f:0x65ddc582a4c5c240!2sR.+2700+-+Centro,+Balne%C3%A1rio+Cambori%C3%BA+-+SC', 1),
(399, 'Meditação do Sol', 'Parque Natural Raimundo Malta', '', '', '2017-03-04 03:57:26', 2, 0, '', 'https://www.google.com.br/maps/place/Secretaria+Meio+Ambiente+%2F+Parque+Ecol%C3%B3gico+Raimundo+Gonz%C3%A1lez+Malta+-+Rua+Angelina,+1900+Final+da+Rua+Angelina+anexo+ao+Parque+Ecol%C3%B3gico+Raimundo+G.+Malta+-+Munic%C3%ADpios,+Balne%C3%A1rio+Cambori%C3%B', 1),
(400, 'ArtExcel', 'Floreser Desenvolvimento Humano', 'Rua Suíça, 487', 'Dias 18 a 22/Julho - 14h às 17h30', '2016-07-18 00:00:00', 2, 0, 'http://www.artedeviver.org.br/atividadedetalhe.php?codturma=4836', 'https://www.google.com.br/maps/place/R.+Su%C3%AD%C3%A7a,+487+-+Na%C3%A7%C3%B5es,+Balne%C3%A1rio+Cambori%C3%BA+-+SC,+Brasil/@-26.9752452,-48.64366,19z/data=!4m2!3m1!1s0x94d8ca1b610f3e4d:0x43d1b53003288544', 0),
(398, 'Meditação da Lua Cheia', 'Praia Central, em frente à rua 2.700', '', '', '2017-03-04 03:57:26', 2, 0, '', 'https://www.google.com.br/maps/dir/@-26.9959427,-48.6273231,18z/data=!4m4!1m3!3m2!1s0x94d8b60d8d3e275f:0x65ddc582a4c5c240!2sR.+2700+-+Centro,+Balne%C3%A1rio+Cambori%C3%BA+-+SC', 1),
(397, 'Happiness Program', 'Floreser Desenvolvimento Humano', 'Rua Suíça, 487', 'Qui/Sex/Seg: 19h30-23h; Sáb/Dom: 10h-18h', '2016-06-09 19:30:00', 2, 0, '', 'https://www.google.com.br/maps/place/R.+Su%C3%AD%C3%A7a,+487+-+Na%C3%A7%C3%B5es,+Balne%C3%A1rio+Cambori%C3%BA+-+SC,+Brasil/@-26.9752452,-48.64366,19z/data=!4m2!3m1!1s0x94d8ca1b610f3e4d:0x43d1b53003288544', 0),
(396, 'Satsang', 'Floreser Desenvolvimento Humano', 'Rua Suíça, 487', '', '2017-03-04 04:12:34', 2, 1, '', 'https://www.google.com.br/maps/place/R.+Su%C3%AD%C3%A7a,+487+-+Na%C3%A7%C3%B5es,+Balne%C3%A1rio+Cambori%C3%BA+-+SC,+Brasil/@-26.9752452,-48.64366,19z/data=!4m2!3m1!1s0x94d8ca1b610f3e4d:0x43d1b53003288544', 4),
(395, 'Satsang', 'Floreser Desenvolvimento Humano', 'Rua Suíça, 487', '', '2017-03-04 04:12:34', 2, 1, '', 'https://www.google.com.br/maps/place/R.+Su%C3%AD%C3%A7a,+487+-+Na%C3%A7%C3%B5es,+Balne%C3%A1rio+Cambori%C3%BA+-+SC,+Brasil/@-26.9752452,-48.64366,19z/data=!4m2!3m1!1s0x94d8ca1b610f3e4d:0x43d1b53003288544', 4),
(394, 'Satsang', 'Floreser Desenvolvimento Humano', 'Rua Suíça, 487', '', '2017-03-04 04:12:34', 2, 1, '', 'https://www.google.com.br/maps/place/R.+Su%C3%AD%C3%A7a,+487+-+Na%C3%A7%C3%B5es,+Balne%C3%A1rio+Cambori%C3%BA+-+SC,+Brasil/@-26.9752452,-48.64366,19z/data=!4m2!3m1!1s0x94d8ca1b610f3e4d:0x43d1b53003288544', 4),
(393, 'Satsang', 'Floreser Desenvolvimento Humano', 'Rua Suíça, 487', '', '2017-03-04 04:12:34', 2, 1, '', 'https://www.google.com.br/maps/place/R.+Su%C3%AD%C3%A7a,+487+-+Na%C3%A7%C3%B5es,+Balne%C3%A1rio+Cambori%C3%BA+-+SC,+Brasil/@-26.9752452,-48.64366,19z/data=!4m2!3m1!1s0x94d8ca1b610f3e4d:0x43d1b53003288544', 4),
(392, 'Satsang', 'Floreser Desenvolvimento Humano', 'Rua Suíça, 487', '', '2017-03-04 04:12:34', 2, 1, '', 'https://www.google.com.br/maps/place/R.+Su%C3%AD%C3%A7a,+487+-+Na%C3%A7%C3%B5es,+Balne%C3%A1rio+Cambori%C3%BA+-+SC,+Brasil/@-26.9752452,-48.64366,19z/data=!4m2!3m1!1s0x94d8ca1b610f3e4d:0x43d1b53003288544', 4),
(391, 'Satsang', 'Floreser Desenvolvimento Humano', 'Rua Suíça, 487', '', '2017-03-04 04:12:34', 2, 1, '', 'https://www.google.com.br/maps/place/R.+Su%C3%AD%C3%A7a,+487+-+Na%C3%A7%C3%B5es,+Balne%C3%A1rio+Cambori%C3%BA+-+SC,+Brasil/@-26.9752452,-48.64366,19z/data=!4m2!3m1!1s0x94d8ca1b610f3e4d:0x43d1b53003288544', 4),
(390, 'Satsang', 'Floreser Desenvolvimento Humano', 'Rua Suíça, 487', '', '2017-03-04 04:12:34', 2, 1, '', 'https://www.google.com.br/maps/place/R.+Su%C3%AD%C3%A7a,+487+-+Na%C3%A7%C3%B5es,+Balne%C3%A1rio+Cambori%C3%BA+-+SC,+Brasil/@-26.9752452,-48.64366,19z/data=!4m2!3m1!1s0x94d8ca1b610f3e4d:0x43d1b53003288544', 4),
(389, 'Satsang', 'Floreser Desenvolvimento Humano', 'Rua Suíça, 487', '', '2017-03-04 04:12:34', 2, 1, '', 'https://www.google.com.br/maps/place/R.+Su%C3%AD%C3%A7a,+487+-+Na%C3%A7%C3%B5es,+Balne%C3%A1rio+Cambori%C3%BA+-+SC,+Brasil/@-26.9752452,-48.64366,19z/data=!4m2!3m1!1s0x94d8ca1b610f3e4d:0x43d1b53003288544', 4),
(388, 'Satsang', 'Floreser Desenvolvimento Humano', 'Rua Suíça, 487', '', '2017-03-04 04:12:34', 2, 1, '', 'https://www.google.com.br/maps/place/R.+Su%C3%AD%C3%A7a,+487+-+Na%C3%A7%C3%B5es,+Balne%C3%A1rio+Cambori%C3%BA+-+SC,+Brasil/@-26.9752452,-48.64366,19z/data=!4m2!3m1!1s0x94d8ca1b610f3e4d:0x43d1b53003288544', 4),
(278, 'Arte do Silêncio', 'Montanha Encantada (Garopaba/SC)', 'Rua Luiz Silveira Soares Nº 108 - Garopaba', 'Chegada: Qua 18h-23h - Término: Dom 15h', '2016-09-14 18:00:00', 3, 1, 'http://www.artedeviver.org.br/atividadedetalhe.php?codturma=5342', 'https://www.google.com.br/maps/place/Centro+de+Yoga+Montanha+Encantada+-+Rua+Luiz+Silveira+Soares,+108+-+Encantada,+Garopaba+-+SC,+88495-000/@-28.0602189,-48.6793017,17z/data=!4m2!3m1!1s0x9526d2f5635c2bdf:0x9eb0e21bf77c40b2', 0),
(279, 'Palestra Equilíbrio e Felicidade - Lidando com desafios na era das distrações - com Swami Paramtej', 'Hotel Canasvieiras Internacional', ' Me. Maria Vilac, 2020 - Canasvieiras', '20h - 22h', '2016-09-14 20:00:00', 3, 0, 'http://www.artedeviver.org.br/atividadedetalhe.php?codturma=5653', 'https://www.google.com.br/maps/place/Hotel+Canasvieiras+Internacional+-+HCI+-+R.+Me.+Maria+Vilac,+2020+-+Canasvieiras,+Florian%C3%B3polis+-+SC,+88054-001/@-27.428613,-48.450843,16z/data=!4m2!3m1!1s0x952743a4ead78401:0x5ff42980b677d60f', 0),
(386, 'Satsang', 'Floreser Desenvolvimento Humano', 'Rua Suíça, 487', '', '2017-03-04 04:12:34', 2, 1, '', 'https://www.google.com.br/maps/place/R.+Su%C3%AD%C3%A7a,+487+-+Na%C3%A7%C3%B5es,+Balne%C3%A1rio+Cambori%C3%BA+-+SC,+Brasil/@-26.9752452,-48.64366,19z/data=!4m2!3m1!1s0x94d8ca1b610f3e4d:0x43d1b53003288544', 4),
(385, 'Satsang', 'Floreser Desenvolvimento Humano', 'Rua Suíça, 487', '', '2017-03-04 04:12:34', 2, 1, '', 'https://www.google.com.br/maps/place/R.+Su%C3%AD%C3%A7a,+487+-+Na%C3%A7%C3%B5es,+Balne%C3%A1rio+Cambori%C3%BA+-+SC,+Brasil/@-26.9752452,-48.64366,19z/data=!4m2!3m1!1s0x94d8ca1b610f3e4d:0x43d1b53003288544', 4),
(384, 'Satsang', 'Floreser Desenvolvimento Humano', 'Rua Suíça, 487', '', '2017-03-04 04:12:34', 2, 1, '', 'https://www.google.com.br/maps/place/R.+Su%C3%AD%C3%A7a,+487+-+Na%C3%A7%C3%B5es,+Balne%C3%A1rio+Cambori%C3%BA+-+SC,+Brasil/@-26.9752452,-48.64366,19z/data=!4m2!3m1!1s0x94d8ca1b610f3e4d:0x43d1b53003288544', 4),
(383, 'Satsang', 'Floreser Desenvolvimento Humano', 'Rua Suíça, 487', 'Kriya longo', '2017-03-04 04:12:34', 2, 1, '', 'https://www.google.com.br/maps/place/R.+Su%C3%AD%C3%A7a,+487+-+Na%C3%A7%C3%B5es,+Balne%C3%A1rio+Cambori%C3%BA+-+SC,+Brasil/@-26.9752452,-48.64366,19z/data=!4m2!3m1!1s0x94d8ca1b610f3e4d:0x43d1b53003288544', 4),
(382, 'Satsang', 'Floreser Desenvolvimento Humano', 'Rua Suíça, 487', '', '2017-03-04 04:12:34', 2, 1, '', 'https://www.google.com.br/maps/place/R.+Su%C3%AD%C3%A7a,+487+-+Na%C3%A7%C3%B5es,+Balne%C3%A1rio+Cambori%C3%BA+-+SC,+Brasil/@-26.9752452,-48.64366,19z/data=!4m2!3m1!1s0x94d8ca1b610f3e4d:0x43d1b53003288544', 4),
(381, 'Satsang', 'Floreser Desenvolvimento Humano', 'Rua Suíça, 487', '', '2017-03-04 04:12:34', 2, 1, '', 'https://www.google.com.br/maps/place/R.+Su%C3%AD%C3%A7a,+487+-+Na%C3%A7%C3%B5es,+Balne%C3%A1rio+Cambori%C3%BA+-+SC,+Brasil/@-26.9752452,-48.64366,19z/data=!4m2!3m1!1s0x94d8ca1b610f3e4d:0x43d1b53003288544', 4),
(380, 'Satsang', 'Floreser Desenvolvimento Humano', 'Rua Suíça, 487', '', '2017-03-04 04:12:34', 2, 1, '', 'https://www.google.com.br/maps/place/R.+Su%C3%AD%C3%A7a,+487+-+Na%C3%A7%C3%B5es,+Balne%C3%A1rio+Cambori%C3%BA+-+SC,+Brasil/@-26.9752452,-48.64366,19z/data=!4m2!3m1!1s0x94d8ca1b610f3e4d:0x43d1b53003288544', 4),
(379, 'Satsang', 'Floreser Desenvolvimento Humano', 'Rua Suíça, 487', '', '2017-03-04 04:12:34', 2, 1, '', 'https://www.google.com.br/maps/place/R.+Su%C3%AD%C3%A7a,+487+-+Na%C3%A7%C3%B5es,+Balne%C3%A1rio+Cambori%C3%BA+-+SC,+Brasil/@-26.9752452,-48.64366,19z/data=!4m2!3m1!1s0x94d8ca1b610f3e4d:0x43d1b53003288544', 4),
(378, 'Satsang', 'Floreser Desenvolvimento Humano', 'Rua Suíça, 487', '', '2017-03-04 04:12:34', 2, 1, '', 'https://www.google.com.br/maps/place/R.+Su%C3%AD%C3%A7a,+487+-+Na%C3%A7%C3%B5es,+Balne%C3%A1rio+Cambori%C3%BA+-+SC,+Brasil/@-26.9752452,-48.64366,19z/data=!4m2!3m1!1s0x94d8ca1b610f3e4d:0x43d1b53003288544', 4),
(377, 'Satsang', 'Floreser Desenvolvimento Humano', 'Rua Suíça, 487', '', '2017-03-04 04:12:34', 2, 1, '', 'https://www.google.com.br/maps/place/R.+Su%C3%AD%C3%A7a,+487+-+Na%C3%A7%C3%B5es,+Balne%C3%A1rio+Cambori%C3%BA+-+SC,+Brasil/@-26.9752452,-48.64366,19z/data=!4m2!3m1!1s0x94d8ca1b610f3e4d:0x43d1b53003288544', 4),
(376, 'Satsang', 'Floreser Desenvolvimento Humano', 'Rua Suíça, 487', '', '2017-03-04 04:12:34', 2, 1, '', 'https://www.google.com.br/maps/place/R.+Su%C3%AD%C3%A7a,+487+-+Na%C3%A7%C3%B5es,+Balne%C3%A1rio+Cambori%C3%BA+-+SC,+Brasil/@-26.9752452,-48.64366,19z/data=!4m2!3m1!1s0x94d8ca1b610f3e4d:0x43d1b53003288544', 4),
(375, 'Satsang', 'Floreser Desenvolvimento Humano', 'Rua Suíça, 487', '', '2017-03-04 04:12:34', 2, 1, '', 'https://www.google.com.br/maps/place/R.+Su%C3%AD%C3%A7a,+487+-+Na%C3%A7%C3%B5es,+Balne%C3%A1rio+Cambori%C3%BA+-+SC,+Brasil/@-26.9752452,-48.64366,19z/data=!4m2!3m1!1s0x94d8ca1b610f3e4d:0x43d1b53003288544', 4),
(374, 'Satsang', 'Floreser Desenvolvimento Humano', 'Rua Suíça, 487', '', '2017-03-04 04:12:34', 2, 1, '', 'https://www.google.com.br/maps/place/R.+Su%C3%AD%C3%A7a,+487+-+Na%C3%A7%C3%B5es,+Balne%C3%A1rio+Cambori%C3%BA+-+SC,+Brasil/@-26.9752452,-48.64366,19z/data=!4m2!3m1!1s0x94d8ca1b610f3e4d:0x43d1b53003288544', 4),
(373, 'Satsang', 'Floreser Desenvolvimento Humano', 'Rua Suíça, 487', '', '2017-03-04 04:12:34', 2, 1, '', 'https://www.google.com.br/maps/place/R.+Su%C3%AD%C3%A7a,+487+-+Na%C3%A7%C3%B5es,+Balne%C3%A1rio+Cambori%C3%BA+-+SC,+Brasil/@-26.9752452,-48.64366,19z/data=!4m2!3m1!1s0x94d8ca1b610f3e4d:0x43d1b53003288544', 4),
(372, 'Satsang', 'Floreser Desenvolvimento Humano', 'Rua Suíça, 487', '', '2017-03-04 04:12:34', 2, 1, '', 'https://www.google.com.br/maps/place/R.+Su%C3%AD%C3%A7a,+487+-+Na%C3%A7%C3%B5es,+Balne%C3%A1rio+Cambori%C3%BA+-+SC,+Brasil/@-26.9752452,-48.64366,19z/data=!4m2!3m1!1s0x94d8ca1b610f3e4d:0x43d1b53003288544', 4),
(371, 'Satsang', 'Floreser Desenvolvimento Humano', 'Rua Suíça, 487', '', '2017-03-04 04:12:34', 2, 1, '', 'https://www.google.com.br/maps/place/R.+Su%C3%AD%C3%A7a,+487+-+Na%C3%A7%C3%B5es,+Balne%C3%A1rio+Cambori%C3%BA+-+SC,+Brasil/@-26.9752452,-48.64366,19z/data=!4m2!3m1!1s0x94d8ca1b610f3e4d:0x43d1b53003288544', 4),
(370, 'Satsang', 'Floreser Desenvolvimento Humano', 'Rua Suíça, 487', '', '2017-03-04 04:12:34', 2, 1, '', 'https://www.google.com.br/maps/place/R.+Su%C3%AD%C3%A7a,+487+-+Na%C3%A7%C3%B5es,+Balne%C3%A1rio+Cambori%C3%BA+-+SC,+Brasil/@-26.9752452,-48.64366,19z/data=!4m2!3m1!1s0x94d8ca1b610f3e4d:0x43d1b53003288544', 4),
(347, 'Meditação da Lua Cheia', 'ONG Herdeiros do Futuro', 'Av. Coronel Vidal Ramos, 221', '', '2017-03-04 03:57:26', 4, 0, '', 'https://www.google.com.br/maps/place/Herdeiros+do+Futuro+-+Av.+Cel.+Vidal+Ramos,+221,+Curitibanos+-+SC,+89520-000/@-27.2840238,-50.5805494,17z/data=!4m2!3m1!1s0x94e0f940ad051b4b:0xe07d711dc8f0f04b', 1),
(348, 'Meditação da Lua Cheia', 'ONG Herdeiros do Futuro', 'Av. Coronel Vidal Ramos, 221', '', '2017-03-04 03:57:26', 4, 0, '', 'https://www.google.com.br/maps/place/Herdeiros+do+Futuro+-+Av.+Cel.+Vidal+Ramos,+221,+Curitibanos+-+SC,+89520-000/@-27.2840238,-50.5805494,17z/data=!4m2!3m1!1s0x94e0f940ad051b4b:0xe07d711dc8f0f04b', 1),
(349, 'Meditação da Lua Cheia', 'Praça do Half', '', '', '2017-03-04 03:57:26', 4, 0, '', 'https://www.google.com.br/maps/place/R.+Quintino+Bocai%C3%BAva,+566-722+-+S%C3%A3o+Francisco,+Curitibanos+-+SC,+89520-000/@-27.2862194,-50.5874496,18z/data=!3m1!1e3!4m6!1m3!3m2!1s0x94e0f947fdd8e709:0x3f1fd5b22a115635!2sR.+Quintino+Bocai%C3%BAva,+Curitiban', 1),
(350, 'Meditação da Lua Cheia', 'Praça do Half', '', '', '2017-03-04 03:57:26', 4, 0, '', 'https://www.google.com.br/maps/place/R.+Quintino+Bocai%C3%BAva,+566-722+-+S%C3%A3o+Francisco,+Curitibanos+-+SC,+89520-000/@-27.2862194,-50.5874496,18z/data=!3m1!1e3!4m6!1m3!3m2!1s0x94e0f947fdd8e709:0x3f1fd5b22a115635!2sR.+Quintino+Bocai%C3%BAva,+Curitiban', 1),
(351, 'Satsang', 'ONG Herdeiros do Futuro', 'Av. Coronel Vidal Ramos, 221', '', '2017-03-04 04:12:34', 4, 1, '', 'https://www.google.com.br/maps/place/Herdeiros+do+Futuro+-+Av.+Cel.+Vidal+Ramos,+221,+Curitibanos+-+SC,+89520-000/@-27.2840238,-50.5805494,17z/data=!4m2!3m1!1s0x94e0f940ad051b4b:0xe07d711dc8f0f04b', 4),
(352, 'Satsang', 'ONG Herdeiros do Futuro', 'Av. Coronel Vidal Ramos, 221', '', '2017-03-04 04:12:34', 4, 1, '', 'https://www.google.com.br/maps/place/Herdeiros+do+Futuro+-+Av.+Cel.+Vidal+Ramos,+221,+Curitibanos+-+SC,+89520-000/@-27.2840238,-50.5805494,17z/data=!4m2!3m1!1s0x94e0f940ad051b4b:0xe07d711dc8f0f04b', 4),
(353, 'Satsang', 'ONG Herdeiros do Futuro', 'Av. Coronel Vidal Ramos, 221', '', '2017-03-04 04:12:34', 4, 1, '', 'https://www.google.com.br/maps/place/Herdeiros+do+Futuro+-+Av.+Cel.+Vidal+Ramos,+221,+Curitibanos+-+SC,+89520-000/@-27.2840238,-50.5805494,17z/data=!4m2!3m1!1s0x94e0f940ad051b4b:0xe07d711dc8f0f04b', 4),
(354, 'Satsang', 'ONG Herdeiros do Futuro', 'Av. Coronel Vidal Ramos, 221', '', '2017-03-04 04:12:34', 4, 1, '', 'https://www.google.com.br/maps/place/Herdeiros+do+Futuro+-+Av.+Cel.+Vidal+Ramos,+221,+Curitibanos+-+SC,+89520-000/@-27.2840238,-50.5805494,17z/data=!4m2!3m1!1s0x94e0f940ad051b4b:0xe07d711dc8f0f04b', 4),
(355, 'Satsang', 'ONG Herdeiros do Futuro', 'Av. Coronel Vidal Ramos, 221', '', '2017-03-04 04:12:34', 4, 1, '', 'https://www.google.com.br/maps/place/Herdeiros+do+Futuro+-+Av.+Cel.+Vidal+Ramos,+221,+Curitibanos+-+SC,+89520-000/@-27.2840238,-50.5805494,17z/data=!4m2!3m1!1s0x94e0f940ad051b4b:0xe07d711dc8f0f04b', 4),
(356, 'Satsang', 'ONG Herdeiros do Futuro', 'Av. Coronel Vidal Ramos, 221', '', '2017-03-04 04:12:34', 4, 1, '', 'https://www.google.com.br/maps/place/Herdeiros+do+Futuro+-+Av.+Cel.+Vidal+Ramos,+221,+Curitibanos+-+SC,+89520-000/@-27.2840238,-50.5805494,17z/data=!4m2!3m1!1s0x94e0f940ad051b4b:0xe07d711dc8f0f04b', 4),
(357, 'Satsang', 'ONG Herdeiros do Futuro', 'Av. Coronel Vidal Ramos, 221', '', '2017-03-04 04:12:34', 4, 1, '', 'https://www.google.com.br/maps/place/Herdeiros+do+Futuro+-+Av.+Cel.+Vidal+Ramos,+221,+Curitibanos+-+SC,+89520-000/@-27.2840238,-50.5805494,17z/data=!4m2!3m1!1s0x94e0f940ad051b4b:0xe07d711dc8f0f04b', 4),
(358, 'Satsang', 'ONG Herdeiros do Futuro', 'Av. Coronel Vidal Ramos, 221', '', '2017-03-04 04:12:34', 4, 1, '', 'https://www.google.com.br/maps/place/Herdeiros+do+Futuro+-+Av.+Cel.+Vidal+Ramos,+221,+Curitibanos+-+SC,+89520-000/@-27.2840238,-50.5805494,17z/data=!4m2!3m1!1s0x94e0f940ad051b4b:0xe07d711dc8f0f04b', 4),
(359, 'Satsang', 'ONG Herdeiros do Futuro', 'Av. Coronel Vidal Ramos, 221', '', '2017-03-04 04:12:34', 4, 1, '', 'https://www.google.com.br/maps/place/Herdeiros+do+Futuro+-+Av.+Cel.+Vidal+Ramos,+221,+Curitibanos+-+SC,+89520-000/@-27.2840238,-50.5805494,17z/data=!4m2!3m1!1s0x94e0f940ad051b4b:0xe07d711dc8f0f04b', 4),
(360, 'Satsang', 'ONG Herdeiros do Futuro', 'Av. Coronel Vidal Ramos, 221', '', '2017-03-04 04:12:34', 4, 1, '', 'https://www.google.com.br/maps/place/Herdeiros+do+Futuro+-+Av.+Cel.+Vidal+Ramos,+221,+Curitibanos+-+SC,+89520-000/@-27.2840238,-50.5805494,17z/data=!4m2!3m1!1s0x94e0f940ad051b4b:0xe07d711dc8f0f04b', 4),
(361, 'Satsang', 'ONG Herdeiros do Futuro', 'Av. Coronel Vidal Ramos, 221', '', '2017-03-04 04:12:34', 4, 1, '', 'https://www.google.com.br/maps/place/Herdeiros+do+Futuro+-+Av.+Cel.+Vidal+Ramos,+221,+Curitibanos+-+SC,+89520-000/@-27.2840238,-50.5805494,17z/data=!4m2!3m1!1s0x94e0f940ad051b4b:0xe07d711dc8f0f04b', 4),
(362, 'Satsang', 'ONG Herdeiros do Futuro', 'Av. Coronel Vidal Ramos, 221', '', '2017-03-04 04:12:34', 4, 1, '', 'https://www.google.com.br/maps/place/Herdeiros+do+Futuro+-+Av.+Cel.+Vidal+Ramos,+221,+Curitibanos+-+SC,+89520-000/@-27.2840238,-50.5805494,17z/data=!4m2!3m1!1s0x94e0f940ad051b4b:0xe07d711dc8f0f04b', 4),
(363, 'Satsang', 'ONG Herdeiros do Futuro', 'Av. Coronel Vidal Ramos, 221', '', '2017-03-04 04:12:34', 4, 1, '', 'https://www.google.com.br/maps/place/Herdeiros+do+Futuro+-+Av.+Cel.+Vidal+Ramos,+221,+Curitibanos+-+SC,+89520-000/@-27.2840238,-50.5805494,17z/data=!4m2!3m1!1s0x94e0f940ad051b4b:0xe07d711dc8f0f04b', 4),
(364, 'Satsang', 'ONG Herdeiros do Futuro', 'Av. Coronel Vidal Ramos, 221', '', '2017-03-04 04:12:34', 4, 1, '', 'https://www.google.com.br/maps/place/Herdeiros+do+Futuro+-+Av.+Cel.+Vidal+Ramos,+221,+Curitibanos+-+SC,+89520-000/@-27.2840238,-50.5805494,17z/data=!4m2!3m1!1s0x94e0f940ad051b4b:0xe07d711dc8f0f04b', 4),
(365, 'Arte de Comer', 'Em cima da Cor & Vidros', 'Av. Leoberto Leal, 300', '', '2016-09-22 12:15:01', 4, 1, '', 'https://www.google.com.br/maps/place/Av.+Dr.+Leoberto+Leal,+300+-+Vila+Nossa+Sra.+Aparecida,+Curitibanos+-+SC,+89520-000/@-27.2938871,-50.5718823,17z/data=!4m2!3m1!1s0x94e0f919123112d1:0x7cf51d7e4b74cce6', 0),
(366, 'Meditação na UFSC', 'CTC - Auditório de Eng. de Produção', '', '12h15 - 12h45', '2017-03-04 03:57:26', 1, 0, '', 'https://goo.gl/maps/oiQXRYjF1542', 1),
(367, 'Meditação na UFSC', 'CTC - Auditório de Eng. de Produção', '', '12h15 - 12h45', '2017-03-04 03:57:26', 1, 0, '', 'https://goo.gl/maps/oiQXRYjF1542', 1),
(368, 'Meditação na UFSC', 'CTC - Auditório de Eng. de Produção', '', '12h15 - 12h45', '2017-03-04 03:57:26', 1, 0, '', 'https://goo.gl/maps/oiQXRYjF1542', 1),
(369, 'Meditação na UFSC', 'CTC - Auditório de Eng. de Produção', '', '12h15 - 12h45', '2017-03-04 03:57:26', 1, 0, '', 'https://goo.gl/maps/oiQXRYjF1542', 1),
(436, 'Curso Sri Sri Yoga', 'Floreser Desenvolvimento Humano', 'Rua Suíça, 487', 'Dias 03 a 07/Out - 19h às 21h30', '2016-10-03 19:00:00', 2, 0, 'http://www.artedeviver.org.br/atividadedetalhe.php?codturma=5594', 'https://www.google.com.br/maps/place/R.+Su%C3%AD%C3%A7a,+487+-+Na%C3%A7%C3%B5es,+Balne%C3%A1rio+Cambori%C3%BA+-+SC,+Brasil/@-26.9752452,-48.64366,19z/data=!4m2!3m1!1s0x94d8ca1b610f3e4d:0x43d1b53003288544', 0),
(440, 'Satsang', 'JGH', 'Osvaldo Calixto Lima (João Paulo)', '', '2017-03-04 04:12:34', 1, 1, '', 'https://www.google.com.br/maps/place/Arte+de+Viver+-+Florian%C3%B3polis+-+R.+Osvaldo+Calixto+de+Lima,+79+-+Jo%C3%A3o+Paulo,+Florian%C3%B3polis+-+SC,+88030-540/@-27.5579835,-48.5061671,17z/data=!4m2!3m1!1s0x9527389d37323093:0x90dff3559993b212', 4),
(441, 'Satsang', 'JGH', 'Osvaldo Calixto Lima (João Paulo)', '', '2017-03-04 04:12:34', 1, 1, '', 'https://www.google.com.br/maps/place/Arte+de+Viver+-+Florian%C3%B3polis+-+R.+Osvaldo+Calixto+de+Lima,+79+-+Jo%C3%A3o+Paulo,+Florian%C3%B3polis+-+SC,+88030-540/@-27.5579835,-48.5061671,17z/data=!4m2!3m1!1s0x9527389d37323093:0x90dff3559993b212', 4),
(442, 'Satsang', 'JGH', 'Osvaldo Calixto Lima (João Paulo)', '', '2017-03-04 04:12:34', 1, 1, '', 'https://www.google.com.br/maps/place/Arte+de+Viver+-+Florian%C3%B3polis+-+R.+Osvaldo+Calixto+de+Lima,+79+-+Jo%C3%A3o+Paulo,+Florian%C3%B3polis+-+SC,+88030-540/@-27.5579835,-48.5061671,17z/data=!4m2!3m1!1s0x9527389d37323093:0x90dff3559993b212', 4),
(443, 'Satsang', 'JGH', 'Osvaldo Calixto Lima (João Paulo)', '', '2017-03-04 04:12:34', 1, 1, '', 'https://www.google.com.br/maps/place/Arte+de+Viver+-+Florian%C3%B3polis+-+R.+Osvaldo+Calixto+de+Lima,+79+-+Jo%C3%A3o+Paulo,+Florian%C3%B3polis+-+SC,+88030-540/@-27.5579835,-48.5061671,17z/data=!4m2!3m1!1s0x9527389d37323093:0x90dff3559993b212', 4),
(444, 'Satsang', 'JGH', 'Osvaldo Calixto Lima (João Paulo)', '', '2017-03-04 04:12:34', 1, 1, '', 'https://www.google.com.br/maps/place/Arte+de+Viver+-+Florian%C3%B3polis+-+R.+Osvaldo+Calixto+de+Lima,+79+-+Jo%C3%A3o+Paulo,+Florian%C3%B3polis+-+SC,+88030-540/@-27.5579835,-48.5061671,17z/data=!4m2!3m1!1s0x9527389d37323093:0x90dff3559993b212', 4),
(445, 'Satsang', 'Kailash Yoga', 'R. Profa. Enoé Schutel, 168 - Trindade', '', '2017-03-04 04:12:34', 1, 1, '', 'https://goo.gl/maps/9pry4EZxwEC2', 4),
(446, 'Satsang', 'Kailash Yoga', 'R. Profa. Enoé Schutel, 168 - Trindade', '', '2017-03-08 20:00:00', 1, 1, '', 'https://www.google.com.br/maps/place/Kailash+Yoga+-+R.+Profa.+Eno%C3%A9+Schutel,+168+-+Trindade,+Florian%C3%B3polis+-+SC,+88036-208/@-27.5876653,-48.5214922,14z/data=!4m6!1m3!3m2!1s0x95273859a7b49651:0x68bad29468469452!2sKailash+Yoga+-+R.+Profa.+Eno%C3%A9', 4),
(447, 'Satsang', 'Kailash Yoga', 'R. Profa. Enoé Schutel, 168 - Trindade', '', '2017-03-15 20:00:00', 1, 1, '', 'https://www.google.com.br/maps/place/Kailash+Yoga+-+R.+Profa.+Eno%C3%A9+Schutel,+168+-+Trindade,+Florian%C3%B3polis+-+SC,+88036-208/@-27.5876653,-48.5214922,14z/data=!4m6!1m3!3m2!1s0x95273859a7b49651:0x68bad29468469452!2sKailash+Yoga+-+R.+Profa.+Eno%C3%A9', 4),
(510, 'Aula Experimental - HP', 'Educa a dor', 'R. Dep. Antônio Edu Vieira, 58', '', '2016-11-29 19:30:00', 1, 0, 'http://www.artedeviver.org.br/atividadedetalhe.php?codturma=6082', 'https://goo.gl/maps/QZKsH4VLCbm', 1),
(511, 'Aula Experimental - HP', 'Educa a dor', 'R. Dep. Antônio Edu Vieira, 58', '', '2016-12-01 20:00:00', 1, 0, 'http://www.artedeviver.org.br/atividadedetalhe.php?codturma=6183', 'https://goo.gl/maps/QZKsH4VLCbm', 1),
(514, 'Medita Floripa', 'Beira Mar', '', 'Gramado atrás da estação de tratamento da Casan', '2017-01-08 10:00:00', 1, 0, '', 'https://www.google.com.br/maps/place/Av.+Jorn.+Rub%C3%A9ns+de+Arruda+Ramos,+4572-5198+-+Centro,+Florian%C3%B3polis+-+SC,+88015-702/@-27.5850001,-48.5490212,18z/data=!4m2!3m1!1s0x9527381a224184ed:0x89b1e43715d58b02', 1),
(515, 'Medita Floripa', 'Beira Mar', '', 'Gramado atrás da estação de tratamento da Casan', '2017-01-15 10:00:00', 1, 0, '', 'https://www.google.com.br/maps/place/Av.+Jorn.+Rub%C3%A9ns+de+Arruda+Ramos,+4572-5198+-+Centro,+Florian%C3%B3polis+-+SC,+88015-702/@-27.5850001,-48.5490212,18z/data=!4m2!3m1!1s0x9527381a224184ed:0x89b1e43715d58b02', 1),
(450, 'Curso Arte de Viver - Happiness Program', 'JGH', 'Osvaldo Calixto Lima (João Paulo)', 'Dom.: 18h às 21h;  Seg./Ter.:19h30 22h30', '2016-11-06 18:00:00', 1, 0, 'http://www.artedeviver.org.br/atividadedetalhe.php?codturma=5918', 'https://www.google.com.br/maps/place/Arte+de+Viver+-+Florian%C3%B3polis+-+R.+Osvaldo+Calixto+de+Lima,+79+-+Jo%C3%A3o+Paulo,+Florian%C3%B3polis+-+SC,+88030-540/@-27.5579835,-48.5061671,17z/data=!4m2!3m1!1s0x9527389d37323093:0x90dff3559993b212', 1),
(451, 'Vídeos de Conhecimento - Bhakti Sutras Módulo 1', 'JGH', 'Osvaldo Calixto Lima (João Paulo)', 'Quintas-feiras 20h - 21h30 (27/out - 24/nov) ', '2016-10-27 20:00:00', 1, 1, 'http://www.artedeviver.org.br/atividadedetalhe.php?codturma=5920', 'https://www.google.com.br/maps/place/Arte+de+Viver+-+Florian%C3%B3polis+-+R.+Osvaldo+Calixto+de+Lima,+79+-+Jo%C3%A3o+Paulo,+Florian%C3%B3polis+-+SC,+88030-540/@-27.5579835,-48.5061671,17z/data=!4m2!3m1!1s0x9527389d37323093:0x90dff3559993b212', 1),
(452, 'Meditação na UFSC', 'CTC - Auditório de Eng. de Produção', '', '12h15 - 12h45', '2017-03-04 03:57:26', 1, 0, '', 'https://goo.gl/maps/oiQXRYjF1542', 1),
(453, 'Meditação na UFSC', 'CTC - Auditório de Eng. de Produção', '', '12h15 - 12h45', '2017-03-04 03:57:26', 1, 0, '', 'https://goo.gl/maps/oiQXRYjF1542', 1),
(454, 'Meditação na UFSC', 'CTC - Auditório de Eng. de Produção', '', '12h15 - 12h45', '2017-03-04 03:57:26', 1, 0, '', 'https://goo.gl/maps/oiQXRYjF1542', 1),
(455, 'Meditação na UFSC', 'CTC - Auditório de Eng. de Produção', '', '12h15 - 12h45', '2017-03-04 03:57:26', 1, 0, '', 'https://goo.gl/maps/oiQXRYjF1542', 1),
(456, 'Meditação na UFSC', 'CTC - Auditório de Eng. de Produção', '', '12h15 - 12h45', '2017-03-04 03:57:26', 1, 0, '', 'https://goo.gl/maps/oiQXRYjF1542', 1),
(457, 'Meditação na UFSC', 'CTC - Auditório de Eng. de Produção', '', '12h15 - 12h45', '2017-03-04 03:57:26', 1, 0, '', 'https://goo.gl/maps/oiQXRYjF1542', 1),
(458, 'Meditação na UFSC', 'CTC - Auditório de Eng. de Produção', '', '12h15 - 12h45', '2017-03-04 03:57:26', 1, 0, '', 'https://goo.gl/maps/oiQXRYjF1542', 1),
(459, 'Meditação na UFSC', 'CTC - Auditório de Eng. de Produção', '', '12h15 - 12h45', '2017-03-04 03:57:26', 1, 0, '', 'https://goo.gl/maps/oiQXRYjF1542', 1),
(460, 'Meditação na UFSC', 'CTC - Auditório de Eng. de Produção', '', '12h15 - 12h45', '2017-03-04 03:57:26', 1, 0, '', 'https://goo.gl/maps/oiQXRYjF1542', 1),
(512, 'Aula Experimental - HP', 'Academia Toda Vida ', 'Rua vento sul, 198 (Campeche)', '', '2016-12-02 20:00:00', 1, 0, '', 'https://goo.gl/maps/oQjNUxeqjGL2', 1),
(513, 'Curso - Happiness Program', 'Estudio de Yoga Hara', 'R. Cmte. Ademar Nunes Píres, 10 (Córrego Grande)', '27 a 29/jan (sex 19h30-22h30) (sab/dom 10h-13h', '2017-01-27 19:30:00', 1, 0, 'http://www.artedeviver.org.br/atividadedetalhe.php?codturma=6267', 'https://goo.gl/maps/TWGnBEWWL6k', 1),
(463, 'Medita Floripa', 'Beira Mar', '', 'Atrás da estação de tratamento da Casan', '2016-10-02 10:00:00', 1, 0, '', 'https://www.google.com.br/maps/place/Av.+Jorn.+Rub%C3%A9ns+de+Arruda+Ramos,+4572-5198+-+Centro,+Florian%C3%B3polis+-+SC,+88015-702/@-27.5850001,-48.5490212,18z/data=!4m2!3m1!1s0x9527381a224184ed:0x89b1e43715d58b02', 1),
(464, 'Medita Floripa', 'Beira Mar', '', 'Atrás da estação de tratamento da Casan', '2016-10-09 10:00:00', 1, 0, '', 'https://www.google.com.br/maps/place/Av.+Jorn.+Rub%C3%A9ns+de+Arruda+Ramos,+4572-5198+-+Centro,+Florian%C3%B3polis+-+SC,+88015-702/@-27.5850001,-48.5490212,18z/data=!4m2!3m1!1s0x9527381a224184ed:0x89b1e43715d58b02', 1),
(465, 'Medita Floripa', 'Beira Mar', '', 'Atrás da estação de tratamento da Casan', '2016-10-16 10:00:00', 1, 0, '', 'https://www.google.com.br/maps/place/Av.+Jorn.+Rub%C3%A9ns+de+Arruda+Ramos,+4572-5198+-+Centro,+Florian%C3%B3polis+-+SC,+88015-702/@-27.5850001,-48.5490212,18z/data=!4m2!3m1!1s0x9527381a224184ed:0x89b1e43715d58b02', 1),
(466, 'Medita Floripa', 'Beira Mar', '', 'Atrás da estação de tratamento da Casan', '2016-10-23 10:00:00', 1, 0, '', 'https://www.google.com.br/maps/place/Av.+Jorn.+Rub%C3%A9ns+de+Arruda+Ramos,+4572-5198+-+Centro,+Florian%C3%B3polis+-+SC,+88015-702/@-27.5850001,-48.5490212,18z/data=!4m2!3m1!1s0x9527381a224184ed:0x89b1e43715d58b02', 1),
(467, 'Medita Floripa', 'Beira Mar', '', 'Atrás da estação de tratamento da Casan', '2016-10-30 10:00:00', 1, 0, '', 'https://www.google.com.br/maps/place/Av.+Jorn.+Rub%C3%A9ns+de+Arruda+Ramos,+4572-5198+-+Centro,+Florian%C3%B3polis+-+SC,+88015-702/@-27.5850001,-48.5490212,18z/data=!4m2!3m1!1s0x9527381a224184ed:0x89b1e43715d58b02', 1);
INSERT INTO `eventos` (`id`, `nome`, `local`, `endereco`, `observacao`, `data`, `id_cidade`, `privado`, `link`, `map`, `id_tipo_evento`) VALUES
(468, 'Medita Floripa', 'Beira Mar', '', 'Atrás da estação de tratamento da Casan', '2016-11-06 10:00:00', 1, 0, '', 'https://www.google.com.br/maps/place/Av.+Jorn.+Rub%C3%A9ns+de+Arruda+Ramos,+4572-5198+-+Centro,+Florian%C3%B3polis+-+SC,+88015-702/@-27.5850001,-48.5490212,18z/data=!4m2!3m1!1s0x9527381a224184ed:0x89b1e43715d58b02', 1),
(469, 'Medita Floripa', 'Beira Mar', '', 'Atrás da estação de tratamento da Casan', '2016-11-13 10:00:00', 1, 0, '', 'https://www.google.com.br/maps/place/Av.+Jorn.+Rub%C3%A9ns+de+Arruda+Ramos,+4572-5198+-+Centro,+Florian%C3%B3polis+-+SC,+88015-702/@-27.5850001,-48.5490212,18z/data=!4m2!3m1!1s0x9527381a224184ed:0x89b1e43715d58b02', 1),
(470, 'Medita Floripa', 'Beira Mar', '', 'Atrás da estação de tratamento da Casan', '2016-11-20 10:00:00', 1, 0, '', 'https://www.google.com.br/maps/place/Av.+Jorn.+Rub%C3%A9ns+de+Arruda+Ramos,+4572-5198+-+Centro,+Florian%C3%B3polis+-+SC,+88015-702/@-27.5850001,-48.5490212,18z/data=!4m2!3m1!1s0x9527381a224184ed:0x89b1e43715d58b02', 1),
(471, 'Medita Floripa', 'Beira Mar', '', 'Atrás da estação de tratamento da Casan', '2016-11-27 10:00:00', 1, 0, '', 'https://www.google.com.br/maps/place/Av.+Jorn.+Rub%C3%A9ns+de+Arruda+Ramos,+4572-5198+-+Centro,+Florian%C3%B3polis+-+SC,+88015-702/@-27.5850001,-48.5490212,18z/data=!4m2!3m1!1s0x9527381a224184ed:0x89b1e43715d58b02', 1),
(472, 'Medita Floripa', 'Beira Mar', '', 'Atrás da estação de tratamento da Casan', '2016-12-04 10:00:00', 1, 0, '', 'https://www.google.com.br/maps/place/Av.+Jorn.+Rub%C3%A9ns+de+Arruda+Ramos,+4572-5198+-+Centro,+Florian%C3%B3polis+-+SC,+88015-702/@-27.5850001,-48.5490212,18z/data=!4m2!3m1!1s0x9527381a224184ed:0x89b1e43715d58b02', 1),
(473, 'Medita Floripa', 'Beira Mar', '', 'Atrás da estação de tratamento da Casan', '2016-12-11 10:00:00', 1, 0, '', 'https://www.google.com.br/maps/place/Av.+Jorn.+Rub%C3%A9ns+de+Arruda+Ramos,+4572-5198+-+Centro,+Florian%C3%B3polis+-+SC,+88015-702/@-27.5850001,-48.5490212,18z/data=!4m2!3m1!1s0x9527381a224184ed:0x89b1e43715d58b02', 1),
(474, 'Medita Floripa', 'Beira Mar', '', 'Atrás da estação de tratamento da Casan', '2016-12-18 10:00:00', 1, 0, '', 'https://www.google.com.br/maps/place/Av.+Jorn.+Rub%C3%A9ns+de+Arruda+Ramos,+4572-5198+-+Centro,+Florian%C3%B3polis+-+SC,+88015-702/@-27.5850001,-48.5490212,18z/data=!4m2!3m1!1s0x9527381a224184ed:0x89b1e43715d58b02', 1),
(476, 'Aula Experimental', '', 'Rua Germano A Souza, 1, São Francisco', '', '2016-10-11 19:30:00', 4, 0, 'http://www.artedeviverbrasil.org.br/atividadedetalhe.php?codturma=5845', '', 0),
(477, 'Arte de Comer', 'JGH', 'Osvaldo Calixto Lima (João Paulo)', 'OPEN FOOD - R$25,00. Acertar até o dia 24/10. ', '2016-10-30 12:00:00', 1, 0, '', 'https://www.google.com.br/maps/place/Arte+de+Viver+-+Florian%C3%B3polis+-+R.+Osvaldo+Calixto+de+Lima,+79+-+Jo%C3%A3o+Paulo,+Florian%C3%B3polis+-+SC,+88030-540/@-27.5579835,-48.5061671,17z/data=!4m2!3m1!1s0x9527389d37323093:0x90dff3559993b212', 1),
(519, 'Aula Experimental Gratuita - Happiness Program', 'Estudio de Yoga Hara', 'R. Cmte. Ademar Nunes Píres, 10 (Córrego Grande)', '19h30 às 21h', '2017-01-10 19:30:00', 1, 0, '', 'https://goo.gl/maps/TWGnBEWWL6k', 1),
(520, 'Aula Experimental Gratuita - Happiness Program', 'Estudio de Yoga Hara', 'R. Cmte. Ademar Nunes Píres, 10 (Córrego Grande)', '19h30 às 21h', '2017-01-17 19:30:00', 1, 0, '', 'https://goo.gl/maps/TWGnBEWWL6k', 1),
(518, 'Satsang', 'Kailash Yoga', 'R. Profa. Enoé Schutel, 168 - Trindade', '', '2017-03-04 04:12:34', 1, 1, '', 'https://www.google.com.br/maps/place/Av.+Jorn.+Rub%C3%A9ns+de+Arruda+Ramos,+4572-5198+-+Centro,+Florian%C3%B3polis+-+SC,+88015-702/@-27.5850001,-48.5490212,18z/data=!4m2!3m1!1s0x9527381a224184ed:0x89b1e43715d58b02', 4),
(508, 'América Medita', 'Concha Acústica da UFSC', 'Praça da Cidadania - Campus da UFSC', '', '2016-11-19 17:00:00', 1, 0, '', 'https://www.google.com.br/maps/place/Universidade+Federal+de+Santa+Catarina/@-27.5995802,-48.5229791,350m/data=!3m1!1e3!4m8!1m2!2m1!1sConcha+Ac%C3%BAstica+-+UFSC,+Rua+Roberto+Sampaio+Gonzaga,+S%2FN,+Florian%C3%B3polis!3m4!1s0x952738553ac6ec85:0x2b49ecea8b', 1),
(507, 'Visita de GURUJI ao Brasil - Brasília', 'Brasília', 'Local e horário a confirmar', 'Encontros com Governo e Dignitários', '2016-12-14 00:00:00', 4, 1, '', '', 0),
(496, 'Visita de GURUJI ao Brasil - Rio de Janeiro', 'Rio de Janeiro', 'Local a confirmar', 'Aberto ao Público - Entrada Franca', '2016-12-17 17:00:00', 2, 1, '', '', 0),
(497, 'Visita de GURUJI ao Brasil - Recife', 'Recife', 'Local a confirmar', 'Aberto ao Público - Entrada Franca', '2016-12-15 19:30:00', 2, 1, '', '', 0),
(499, 'Visita de GURUJI ao Brasil - Brasília', 'Brasília', 'Local e horário a confirmar', 'Encontros com Governo e Dignitários', '2016-12-14 00:00:00', 2, 1, '', '', 0),
(500, 'Visita de GURUJI ao Brasil - Rio de Janeiro', 'Rio de Janeiro', 'Local a confirmar', 'Aberto ao Público - Entrada Franca', '2016-12-17 17:00:00', 3, 1, '', '', 0),
(501, 'Visita de GURUJI ao Brasil - Recife', 'Recife', 'Local a confirmar', 'Aberto ao Público - Entrada Franca', '2016-12-15 19:30:00', 3, 1, '', '', 0),
(503, 'Visita de GURUJI ao Brasil - Brasília', 'Brasília', 'Local e horário a confirmar', 'Encontros com Governo e Dignitários', '2016-12-14 00:00:00', 3, 1, '', '', 0),
(504, 'Visita de GURUJI ao Brasil - Rio de Janeiro', 'Rio de Janeiro', 'Local a confirmar', 'Aberto ao Público - Entrada Franca', '2016-12-17 17:00:00', 4, 1, '', '', 0),
(505, 'Visita de GURUJI ao Brasil - Recife', 'Recife', 'Local a confirmar', 'Aberto ao Público - Entrada Franca', '2016-12-15 19:30:00', 4, 1, '', '', 0),
(492, 'Visita de GURUJI ao Brasil - Rio de Janeiro', 'Rio de Janeiro', 'Local a confirmar', 'Aberto ao Público - Entrada Franca', '2016-12-17 17:00:00', 1, 1, '', '', 1),
(516, 'Medita Floripa', 'Beira Mar', '', 'Gramado atrás da estação de tratamento da Casan', '2017-01-22 10:00:00', 1, 0, '', 'https://www.google.com.br/maps/place/Av.+Jorn.+Rub%C3%A9ns+de+Arruda+Ramos,+4572-5198+-+Centro,+Florian%C3%B3polis+-+SC,+88015-702/@-27.5850001,-48.5490212,18z/data=!4m2!3m1!1s0x9527381a224184ed:0x89b1e43715d58b02', 1),
(486, 'Vídeos de Conhecimento - Ashtavakra Gita Módulo 3', 'Centro', 'Rua Hoepcke - Centro', 'Segundas-feiras das 20h15 às 21h30. Dias 17/10; 24/10 ;31/10; 07/11; 14/11', '2016-10-17 20:15:00', 1, 1, 'http://www.artedeviverbrasil.org.br/atividadedetalhe.php?codturma=5938', '', 1),
(487, 'Aula Experimental', 'JGH', 'Osvaldo Calixto Lima (João Paulo)', '', '2016-10-18 20:00:00', 1, 0, 'http://www.artedeviverbrasil.org.br/atividadedetalhe.php?codturma=5928', 'https://www.google.com.br/maps/place/Arte+de+Viver+-+Florian%C3%B3polis+-+R.+Osvaldo+Calixto+de+Lima,+79+-+Jo%C3%A3o+Paulo,+Florian%C3%B3polis+-+SC,+88030-540/@-27.5579835,-48.5061671,17z/data=!4m2!3m1!1s0x9527389d37323093:0x90dff3559993b212', 1),
(488, 'Aula Experimental', 'JGH', 'Osvaldo Calixto Lima (João Paulo)', '', '2016-10-25 20:00:00', 1, 0, 'http://www.artedeviverbrasil.org.br/atividadedetalhe.php?codturma=5929', 'https://www.google.com.br/maps/place/Arte+de+Viver+-+Florian%C3%B3polis+-+R.+Osvaldo+Calixto+de+Lima,+79+-+Jo%C3%A3o+Paulo,+Florian%C3%B3polis+-+SC,+88030-540/@-27.5579835,-48.5061671,17z/data=!4m2!3m1!1s0x9527389d37323093:0x90dff3559993b212', 1),
(489, 'Aula Experimental', 'JGH', 'Osvaldo Calixto Lima (João Paulo)', '', '2016-11-01 20:00:00', 1, 0, 'http://www.artedeviverbrasil.org.br/atividadedetalhe.php?codturma=5930', 'https://www.google.com.br/maps/place/Arte+de+Viver+-+Florian%C3%B3polis+-+R.+Osvaldo+Calixto+de+Lima,+79+-+Jo%C3%A3o+Paulo,+Florian%C3%B3polis+-+SC,+88030-540/@-27.5579835,-48.5061671,17z/data=!4m2!3m1!1s0x9527389d37323093:0x90dff3559993b212', 1),
(490, 'Curso Arte de Viver - Happiness Program', 'Educa a dor', 'Rua Deputado Antonio Edu Vieira, 58 - Pantanal', 'SEG/QUA: 19h30 às 22h30', '2016-12-05 19:30:00', 1, 0, 'http://www.artedeviverbrasil.org.br/atividadedetalhe.php?codturma=5925', 'https://goo.gl/maps/QZKsH4VLCbm', 1),
(517, 'Medita Floripa', 'Beira Mar', '', 'Gramado atrás da estação de tratamento da Casan', '2017-01-29 10:00:00', 1, 0, '', 'https://www.google.com.br/maps/place/Av.+Jorn.+Rub%C3%A9ns+de+Arruda+Ramos,+4572-5198+-+Centro,+Florian%C3%B3polis+-+SC,+88015-702/@-27.5850001,-48.5490212,18z/data=!4m2!3m1!1s0x9527381a224184ed:0x89b1e43715d58b02', 1),
(521, 'Aula Experimental Gratuita - Happiness Program', 'Estudio de Yoga Hara', 'R. Cmte. Ademar Nunes Píres, 10 (Córrego Grande)', '19h30 às 21h', '2017-01-24 19:30:00', 1, 0, '', 'https://goo.gl/maps/TWGnBEWWL6k', 1),
(522, 'Curso de Meditação - Sahaj Samadhi', 'Estudio de Yoga Hara', 'R. Cmte. Ademar Nunes Píres, 10 (Córrego Grande)', 'Seg/Ter/Qua - (19h30 às 22h)', '2017-03-04 03:57:26', 1, 0, 'http://www.artedeviver.org.br/atividadedetalhe.php?codturma=6306', 'https://goo.gl/maps/TWGnBEWWL6k', 1),
(523, 'Ishavasya Upanishad', 'Rua Luiz Oscar de Carvalho, 207, ap. 202-2 - Trindade', '', '13 à 15/dez - 20h', '2016-12-13 20:00:00', 1, 1, '', '', 1),
(524, 'Medita Floripa', 'Beira Mar', '', 'Gramado atrás da estação de tratamento da Casan', '2016-12-25 10:00:00', 1, 0, '', 'https://www.google.com.br/maps/place/Av.+Jorn.+Rub%C3%A9ns+de+Arruda+Ramos,+4572-5198+-+Centro,+Florian%C3%B3polis+-+SC,+88015-702/@-27.5850001,-48.5490212,18z/data=!4m2!3m1!1s0x9527381a224184ed:0x89b1e43715d58b02', 1),
(525, 'ART Excel', 'Academia Toda Vida (Campeche)', '', 'Cursos para crianças de 8 a 12 anos - 18 a 21/jan (14h às 17h30) - ART Excel: All Round Training in Excellence', '2017-01-18 14:00:00', 1, 0, 'http://www.artedeviver.org.br/atividadedetalhe.php?codturma=6156', 'https://www.google.com.br/maps/place/R.+Eduardo+Horn,+385+-+Jardim+Atl%C3%A2ntico,+Florian%C3%B3polis+-+SC,+88095-580/@-27.5900338,-48.5936515,14z/data=!4m2!3m1!1s0x952749d49e4d14df:0xc7adf36026e2cf2a', 1),
(526, 'Satsang', 'Kailash Yoga', 'R. Profa. Enoé Schutel, 168 - Trindade', '', '2017-03-22 20:00:00', 1, 1, '', 'https://www.google.com.br/maps/place/Kailash+Yoga+-+R.+Profa.+Eno%C3%A9+Schutel,+168+-+Trindade,+Florian%C3%B3polis+-+SC,+88036-208/@-27.5876653,-48.5214922,14z/data=!4m6!1m3!3m2!1s0x95273859a7b49651:0x68bad29468469452!2sKailash+Yoga+-+R.+Profa.+Eno%C3%A9', 4),
(527, 'Satsang', 'Kailash Yoga', 'R. Profa. Enoé Schutel, 168 - Trindade', '', '2017-03-29 20:00:00', 1, 1, '', 'https://www.google.com.br/maps/place/Kailash+Yoga+-+R.+Profa.+Eno%C3%A9+Schutel,+168+-+Trindade,+Florian%C3%B3polis+-+SC,+88036-208/@-27.5876653,-48.5214922,14z/data=!4m6!1m3!3m2!1s0x95273859a7b49651:0x68bad29468469452!2sKailash+Yoga+-+R.+Profa.+Eno%C3%A9', 4),
(528, 'Satsang', 'Kailash Yoga', 'R. Profa. Enoé Schutel, 168 - Trindade', '', '2017-03-04 04:12:34', 1, 1, '', 'https://www.google.com.br/maps/place/Kailash+Yoga+-+R.+Profa.+Eno%C3%A9+Schutel,+168+-+Trindade,+Florian%C3%B3polis+-+SC,+88036-208/@-27.5876653,-48.5214922,14z/data=!4m6!1m3!3m2!1s0x95273859a7b49651:0x68bad29468469452!2sKailash+Yoga+-+R.+Profa.+Eno%C3%A9', 4),
(529, 'Satsang', 'Kailash Yoga', 'R. Profa. Enoé Schutel, 168 - Trindade', '', '2017-03-04 04:12:34', 1, 1, '', 'https://www.google.com.br/maps/place/Kailash+Yoga+-+R.+Profa.+Eno%C3%A9+Schutel,+168+-+Trindade,+Florian%C3%B3polis+-+SC,+88036-208/@-27.5876653,-48.5214922,14z/data=!4m6!1m3!3m2!1s0x95273859a7b49651:0x68bad29468469452!2sKailash+Yoga+-+R.+Profa.+Eno%C3%A9', 4),
(530, 'Meditação da Lua Cheia', 'Beira-Mar Norte', '', 'Gramado atrás da estação de tratamento da Casan', '2017-03-04 03:57:26', 1, 0, '', 'https://www.google.com.br/maps/place/Av.+Jorn.+Rub%C3%A9ns+de+Arruda+Ramos,+4572-5198+-+Centro,+Florian%C3%B3polis+-+SC,+88015-702/@-27.5850001,-48.5490212,18z/data=!4m2!3m1!1s0x9527381a224184ed:0x89b1e43715d58b02', 1),
(531, 'Meditação da Lua Cheia - Beira Mar Norte', 'Beira-Mar Norte', '', 'Gramado atrás da estação de tratamento da Casan', '2017-03-04 03:57:26', 1, 0, '', 'https://www.google.com.br/maps/place/Av.+Jorn.+Rub%C3%A9ns+de+Arruda+Ramos,+4572-5198+-+Centro,+Florian%C3%B3polis+-+SC,+88015-702/@-27.5850001,-48.5490212,18z/data=!4m2!3m1!1s0x9527381a224184ed:0x89b1e43715d58b02', 1),
(532, 'Meditação da Lua Cheia', 'Beira-Mar Norte', '', 'Gramado atrás da estação de tratamento da Casan', '2017-03-04 03:57:26', 1, 0, '', 'https://www.google.com.br/maps/place/Av.+Jorn.+Rub%C3%A9ns+de+Arruda+Ramos,+4572-5198+-+Centro,+Florian%C3%B3polis+-+SC,+88015-702/@-27.5850001,-48.5490212,18z/data=!4m2!3m1!1s0x9527381a224184ed:0x89b1e43715d58b02', 1),
(533, 'Meditação da Lua Cheia', 'Beira-Mar Norte', '', 'Gramado atrás da estação de tratamento da Casan', '2017-03-04 03:57:26', 1, 0, '', 'https://www.google.com.br/maps/place/Av.+Jorn.+Rub%C3%A9ns+de+Arruda+Ramos,+4572-5198+-+Centro,+Florian%C3%B3polis+-+SC,+88015-702/@-27.5850001,-48.5490212,18z/data=!4m2!3m1!1s0x9527381a224184ed:0x89b1e43715d58b02', 1),
(534, 'Meditação da Lua Cheia', 'Beira-Mar Norte', '', 'Gramado atrás da estação de tratamento da Casan', '2017-03-04 03:57:26', 1, 0, '', 'https://www.google.com.br/maps/place/Av.+Jorn.+Rub%C3%A9ns+de+Arruda+Ramos,+4572-5198+-+Centro,+Florian%C3%B3polis+-+SC,+88015-702/@-27.5850001,-48.5490212,18z/data=!4m2!3m1!1s0x9527381a224184ed:0x89b1e43715d58b02', 1),
(535, 'Meditação da Lua Cheia', 'Beira-Mar Norte', '', 'Gramado atrás da estação de tratamento da Casan', '2017-03-04 03:57:26', 1, 0, '', 'https://www.google.com.br/maps/place/Av.+Jorn.+Rub%C3%A9ns+de+Arruda+Ramos,+4572-5198+-+Centro,+Florian%C3%B3polis+-+SC,+88015-702/@-27.5850001,-48.5490212,18z/data=!4m2!3m1!1s0x9527381a224184ed:0x89b1e43715d58b02', 1),
(536, 'Meditação da Lua Cheia', 'Beira-Mar Norte', '', 'Gramado atrás da estação de tratamento da Casan', '2017-03-04 03:57:26', 1, 0, '', 'https://www.google.com.br/maps/place/Av.+Jorn.+Rub%C3%A9ns+de+Arruda+Ramos,+4572-5198+-+Centro,+Florian%C3%B3polis+-+SC,+88015-702/@-27.5850001,-48.5490212,18z/data=!4m2!3m1!1s0x9527381a224184ed:0x89b1e43715d58b02', 1),
(537, 'Meditação da Lua Cheia', 'Beira-Mar Norte', '', 'Gramado atrás da estação de tratamento da Casan', '2017-03-04 03:57:26', 1, 0, '', 'https://www.google.com.br/maps/place/Av.+Jorn.+Rub%C3%A9ns+de+Arruda+Ramos,+4572-5198+-+Centro,+Florian%C3%B3polis+-+SC,+88015-702/@-27.5850001,-48.5490212,18z/data=!4m2!3m1!1s0x9527381a224184ed:0x89b1e43715d58b02', 1),
(538, 'Meditação da Lua Cheia', 'Beira-Mar Norte', '', 'Gramado atrás da estação de tratamento da Casan', '2017-03-04 03:57:26', 1, 0, '', 'https://www.google.com.br/maps/place/Av.+Jorn.+Rub%C3%A9ns+de+Arruda+Ramos,+4572-5198+-+Centro,+Florian%C3%B3polis+-+SC,+88015-702/@-27.5850001,-48.5490212,18z/data=!4m2!3m1!1s0x9527381a224184ed:0x89b1e43715d58b02', 1),
(574, 'Medita Floripa', 'Beira-Mar Norte', '', 'Gramado atrás da estação de tratamento da Casan', '2017-05-28 10:00:00', 1, 0, '', 'https://www.google.com.br/maps/place/Av.+Jorn.+Rub%C3%A9ns+de+Arruda+Ramos,+4572-5198+-+Centro,+Florian%C3%B3polis+-+SC,+88015-702/@-27.5850001,-48.5490212,18z/data=!4m2!3m1!1s0x9527381a224184ed:0x89b1e43715d58b02', 1),
(575, 'Aula Experimental - Happiness Program', 'Estúdio de Yoga Hara', 'R. Cmte Ademar Nunes Pires, 10', '', '2017-02-09 19:30:00', 1, 0, 'http://www.artedeviverbrasil.org.br/atividadedetalhe.php?codturma=6582', 'https://www.google.com.br/maps/place/Estudio+de+Yoga+Hara/@-27.5957021,-48.5051419,15z/data=!4m5!3m4!1s0x0:0x3e60e1a056481fc5!8m2!3d-27.5957021!4d-48.5051419', 1),
(541, 'Palestra com Rajshree Patel- Ano novo, novas perspectivas: como fazer diferente começando por você_', 'BALNEÁRIO CAMBORIÚ - Cine Itália', '', '', '2017-02-24 20:00:00', 1, 0, 'http://www.artedeviver.org.br/atividadedetalhe.php?codturma=6452', '', 1),
(542, 'Palestra com Rajshree Patel - Ligando os pontos: felicidade, propósito de vida e sua mente', 'FLORIANÓPOLIS - UFSC - Auditório Garapuvu', 'Auditório Garapuvu - Centro de Cultura e Eventos - UFSC - Trindade', 'Valor do Ingresso até dia 12/fev: Integral = R$ 50; Menores de 25 anos = R$ 25 ', '2017-02-25 20:00:00', 1, 0, 'http://www.artedeviver.org.br/atividadedetalhe.php?codturma=6453', 'https://www.google.com/maps/place/Universidade+Federal+de+Santa+Catarina,+Campus+Florian%C3%B3polis/@-27.598797,-48.523591,16z/data=!4m5!3m4!1s0x0:0x9904bca1385e0f9d!8m2!3d-27.599144!4d-48.5235907?hl=pt-BR', 1),
(543, 'Palestra - Swami Paramtej', 'Teatro Gov. Pedro Ivo', '', '', '2017-04-26 20:00:00', 1, 0, '', '', 1),
(544, 'Shakti Kriya', 'Kailash Yoga', 'R. Profa. Enoé Schutel, 168 - Trindade', '25 e 26/abril (7h-9h)', '2017-04-25 07:00:00', 1, 1, 'http://www.artedeviverbrasil.org.br/atividadedetalhe.php?codturma=6482', 'https://www.google.com.br/maps/place/Kailash+Yoga+-+R.+Profa.+Eno%C3%A9+Schutel,+168+-+Trindade,+Florian%C3%B3polis+-+SC,+88036-208/@-27.5876653,-48.5214922,14z/data=!4m6!1m3!3m2!1s0x95273859a7b49651:0x68bad29468469452!2sKailash+Yoga+-+R.+Profa.+Eno%C3%A9', 4),
(546, 'Sri Sri Yoga', 'Estudio Yoga Hara', '', '1 a 5 de fev. (qua-sex 20h as 22h; sab e dom 10h as 12h30)', '2017-02-01 00:00:00', 1, 0, 'http://www.artedeviver.org.br/atividadedetalhe.php?codturma=6483', 'https://goo.gl/maps/TWGnBEWWL6k', 1),
(547, 'Curso - Arte do Silêncio', 'Curitiba/PR - Pousada Betânia', 'Av. Monteiro Tourinho, 1335 - Atuba ', 'CURSO EM CURITIBA/PR (24 a 28 de fev) - (check in dia 24/fev das 18h as 22h; check out 28/fev as 15h)', '2017-03-04 04:12:34', 1, 1, 'http://www.artedeviver.org.br/atividadedetalhe.php?codturma=6493', 'javascript:AbreJanela(\'mapa.php?id=6493\',550,485)', 4),
(548, 'Curso - Arte do Silêncio', 'Curitiba/PR - Pousada Betânia', 'Av. Monteiro Tourinho, 1335 - Atuba ', 'CURSO EM CURITIBA/PR (24 a 28 de fev) - (check in dia 24/fev das 18h as 22h; check out 28/fev as 15h)', '2017-02-24 18:00:00', 4, 1, 'http://www.artedeviver.org.br/atividadedetalhe.php?codturma=6493', 'javascript:AbreJanela(\'mapa.php?id=6493\',550,485)', 0),
(549, 'Curso - Arte do Silêncio', 'Curitiba/PR - Pousada Betânia', 'Av. Monteiro Tourinho, 1335 - Atuba ', 'CURSO EM CURITIBA/PR (24 a 28 de fev) - (check in dia 24/fev das 18h as 22h; check out 28/fev as 15h)', '2017-02-24 18:00:00', 2, 1, 'http://www.artedeviver.org.br/atividadedetalhe.php?codturma=6493', 'javascript:AbreJanela(\'mapa.php?id=6493\',550,485)', 0),
(550, 'Curso - Arte do Silêncio', 'Curitiba/PR - Pousada Betânia', 'Av. Monteiro Tourinho, 1335 - Atuba ', 'CURSO EM CURITIBA/PR (24 a 28 de fev) - (check in dia 24/fev das 18h as 22h; check out 28/fev as 15h)', '2017-02-24 18:00:00', 4, 1, 'http://www.artedeviver.org.br/atividadedetalhe.php?codturma=6493', 'javascript:AbreJanela(\'mapa.php?id=6493\',550,485)', 0),
(551, 'Meditação Aberta - Especial Rajshree', 'Lagoa da Conceição', 'Av. das Rendeiras, 2222', 'Gramado da lagoa, em frente ao Bar do Alemão', '2017-03-04 03:57:26', 1, 0, '', '', 1),
(552, 'Meditação Aberta - Especial Rajshree', 'Parque do Córrego', 'R. João Pio Duarte, 535 - Córrego Grande', '', '2017-03-04 03:57:26', 1, 0, '', '', 1),
(556, 'Meditação da Lua Cheia - Jurerê', 'Jurere Internacional', 'Na praia, final da rua das Algas 726', 'Praia - Em frente ao Acqua Plage (antigo Go Sunset)', '2017-03-04 03:57:26', 1, 0, '', '', 1),
(554, 'Meditação Aberta - Especial Rajshree', 'Parque Coqueiros', 'R. Capitão Euclides de Castro', '', '2017-03-04 03:57:26', 1, 0, '', '', 1),
(555, 'Meditação Aberta - Especial Rajshree', 'Campeche', 'Na praia - Servidão Caminho dos Surfistas', 'Campeche Leste', '2017-03-04 03:57:26', 1, 0, '', '', 1),
(557, 'Meditação da Lua Cheia - Campeche', 'Campeche', 'Na praia - Servidão Caminho dos Surfistas', 'Campeche Leste', '2017-03-04 03:57:26', 1, 0, '', '', 1),
(558, 'Medita Floripa', 'Beira-Mar Norte', '', 'Gramado atrás da estação de tratamento da Casan', '2017-02-12 10:00:00', 1, 0, '', 'https://www.google.com.br/maps/place/Av.+Jorn.+Rub%C3%A9ns+de+Arruda+Ramos,+4572-5198+-+Centro,+Florian%C3%B3polis+-+SC,+88015-702/@-27.5850001,-48.5490212,18z/data=!4m2!3m1!1s0x9527381a224184ed:0x89b1e43715d58b02', 1),
(559, 'Medita Floripa', 'Beira-Mar Norte', '', 'Gramado atrás da estação de tratamento da Casan', '2017-02-19 10:00:00', 1, 0, '', 'https://www.google.com.br/maps/place/Av.+Jorn.+Rub%C3%A9ns+de+Arruda+Ramos,+4572-5198+-+Centro,+Florian%C3%B3polis+-+SC,+88015-702/@-27.5850001,-48.5490212,18z/data=!4m2!3m1!1s0x9527381a224184ed:0x89b1e43715d58b02', 1),
(560, 'Medita Floripa', 'Beira-Mar Norte', '', 'Gramado atrás da estação de tratamento da Casan', '2017-02-26 10:00:00', 1, 0, '', 'https://www.google.com.br/maps/place/Av.+Jorn.+Rub%C3%A9ns+de+Arruda+Ramos,+4572-5198+-+Centro,+Florian%C3%B3polis+-+SC,+88015-702/@-27.5850001,-48.5490212,18z/data=!4m2!3m1!1s0x9527381a224184ed:0x89b1e43715d58b02', 1),
(561, 'Medita Floripa', 'Beira-Mar Norte', '', 'Gramado atrás da estação de tratamento da Casan', '2017-03-05 10:00:00', 1, 0, '', 'https://www.google.com.br/maps/place/Av.+Jorn.+Rub%C3%A9ns+de+Arruda+Ramos,+4572-5198+-+Centro,+Florian%C3%B3polis+-+SC,+88015-702/@-27.5850001,-48.5490212,18z/data=!4m2!3m1!1s0x9527381a224184ed:0x89b1e43715d58b02', 1),
(562, 'Medita Floripa', 'Beira-Mar Norte', '', 'Gramado atrás da estação de tratamento da Casan', '2017-03-12 10:00:00', 1, 0, '', 'https://www.google.com.br/maps/place/Av.+Jorn.+Rub%C3%A9ns+de+Arruda+Ramos,+4572-5198+-+Centro,+Florian%C3%B3polis+-+SC,+88015-702/@-27.5850001,-48.5490212,18z/data=!4m2!3m1!1s0x9527381a224184ed:0x89b1e43715d58b02', 1),
(563, 'Medita Floripa', 'Beira-Mar Norte', '', 'Gramado atrás da estação de tratamento da Casan', '2017-03-19 10:00:00', 1, 0, '', 'https://www.google.com.br/maps/place/Av.+Jorn.+Rub%C3%A9ns+de+Arruda+Ramos,+4572-5198+-+Centro,+Florian%C3%B3polis+-+SC,+88015-702/@-27.5850001,-48.5490212,18z/data=!4m2!3m1!1s0x9527381a224184ed:0x89b1e43715d58b02', 1),
(564, 'Medita Floripa', 'Beira-Mar Norte', '', 'Gramado atrás da estação de tratamento da Casan', '2017-03-26 10:00:00', 1, 0, '', 'https://www.google.com.br/maps/place/Av.+Jorn.+Rub%C3%A9ns+de+Arruda+Ramos,+4572-5198+-+Centro,+Florian%C3%B3polis+-+SC,+88015-702/@-27.5850001,-48.5490212,18z/data=!4m2!3m1!1s0x9527381a224184ed:0x89b1e43715d58b02', 1),
(565, 'Medita Floripa', 'Beira-Mar Norte', '', 'Gramado atrás da estação de tratamento da Casan', '2017-04-02 10:00:00', 1, 0, '', 'https://www.google.com.br/maps/place/Av.+Jorn.+Rub%C3%A9ns+de+Arruda+Ramos,+4572-5198+-+Centro,+Florian%C3%B3polis+-+SC,+88015-702/@-27.5850001,-48.5490212,18z/data=!4m2!3m1!1s0x9527381a224184ed:0x89b1e43715d58b02', 1),
(566, 'Medita Floripa', 'Beira-Mar Norte', '', 'Gramado atrás da estação de tratamento da Casan', '2017-04-09 10:00:00', 1, 0, '', 'https://www.google.com.br/maps/place/Av.+Jorn.+Rub%C3%A9ns+de+Arruda+Ramos,+4572-5198+-+Centro,+Florian%C3%B3polis+-+SC,+88015-702/@-27.5850001,-48.5490212,18z/data=!4m2!3m1!1s0x9527381a224184ed:0x89b1e43715d58b02', 1),
(567, 'Medita Floripa', 'Beira-Mar Norte', '', 'Gramado atrás da estação de tratamento da Casan', '2017-04-16 10:00:00', 1, 0, '', 'https://www.google.com.br/maps/place/Av.+Jorn.+Rub%C3%A9ns+de+Arruda+Ramos,+4572-5198+-+Centro,+Florian%C3%B3polis+-+SC,+88015-702/@-27.5850001,-48.5490212,18z/data=!4m2!3m1!1s0x9527381a224184ed:0x89b1e43715d58b02', 1),
(568, 'Medita Floripa', 'Beira-Mar Norte', '', 'Gramado atrás da estação de tratamento da Casan', '2017-04-23 10:00:00', 1, 0, '', 'https://www.google.com.br/maps/place/Av.+Jorn.+Rub%C3%A9ns+de+Arruda+Ramos,+4572-5198+-+Centro,+Florian%C3%B3polis+-+SC,+88015-702/@-27.5850001,-48.5490212,18z/data=!4m2!3m1!1s0x9527381a224184ed:0x89b1e43715d58b02', 1),
(569, 'Medita Floripa', 'Beira-Mar Norte', '', 'Gramado atrás da estação de tratamento da Casan', '2017-04-30 10:00:00', 1, 0, '', 'https://www.google.com.br/maps/place/Av.+Jorn.+Rub%C3%A9ns+de+Arruda+Ramos,+4572-5198+-+Centro,+Florian%C3%B3polis+-+SC,+88015-702/@-27.5850001,-48.5490212,18z/data=!4m2!3m1!1s0x9527381a224184ed:0x89b1e43715d58b02', 1),
(570, 'Medita Floripa', 'Beira-Mar Norte', '', 'Gramado atrás da estação de tratamento da Casan', '2017-05-07 10:00:00', 1, 0, '', 'https://www.google.com.br/maps/place/Av.+Jorn.+Rub%C3%A9ns+de+Arruda+Ramos,+4572-5198+-+Centro,+Florian%C3%B3polis+-+SC,+88015-702/@-27.5850001,-48.5490212,18z/data=!4m2!3m1!1s0x9527381a224184ed:0x89b1e43715d58b02', 1),
(571, 'Medita Floripa', 'Beira-Mar Norte', '', 'Gramado atrás da estação de tratamento da Casan', '2017-05-14 10:00:00', 1, 0, '', 'https://www.google.com.br/maps/place/Av.+Jorn.+Rub%C3%A9ns+de+Arruda+Ramos,+4572-5198+-+Centro,+Florian%C3%B3polis+-+SC,+88015-702/@-27.5850001,-48.5490212,18z/data=!4m2!3m1!1s0x9527381a224184ed:0x89b1e43715d58b02', 1),
(572, 'Medita Floripa', 'Beira-Mar Norte', '', 'Gramado atrás da estação de tratamento da Casan', '2017-05-21 10:00:00', 1, 0, '', 'https://www.google.com.br/maps/place/Av.+Jorn.+Rub%C3%A9ns+de+Arruda+Ramos,+4572-5198+-+Centro,+Florian%C3%B3polis+-+SC,+88015-702/@-27.5850001,-48.5490212,18z/data=!4m2!3m1!1s0x9527381a224184ed:0x89b1e43715d58b02', 1),
(573, 'Medita Floripa', 'Beira-Mar Norte', '', 'Gramado atrás da estação de tratamento da Casan', '2017-05-28 10:00:00', 1, 0, '', 'https://www.google.com.br/maps/place/Av.+Jorn.+Rub%C3%A9ns+de+Arruda+Ramos,+4572-5198+-+Centro,+Florian%C3%B3polis+-+SC,+88015-702/@-27.5850001,-48.5490212,18z/data=!4m2!3m1!1s0x9527381a224184ed:0x89b1e43715d58b02', 1),
(576, 'Aula Experimental - Happiness Program', 'Estúdio de Yoga Hara', 'R. Cmte Ademar Nunes Pires, 10', '', '2017-02-16 19:30:00', 1, 0, 'http://www.artedeviverbrasil.org.br/atividadedetalhe.php?codturma=6583', 'https://www.google.com.br/maps/place/Estudio+de+Yoga+Hara/@-27.5957021,-48.5051419,15z/data=!4m5!3m4!1s0x0:0x3e60e1a056481fc5!8m2!3d-27.5957021!4d-48.5051419', 1),
(577, 'Curso - Happiness Program', 'Estudio de Yoga Hara', 'R. Cmte. Ademar Nunes Píres, 10 - Córrego Grande', 'Sex: 19h30-22h30 ; Sab/Dom: 10h-13h ', '2017-03-17 19:30:00', 1, 0, 'http://www.artedeviverbrasil.org.br/atividadedetalhe.php?codturma=6591', 'https://www.google.com.br/maps/place/Estudio+de+Yoga+Hara/@-27.5957021,-48.5051419,15z/data=!4m5!3m4!1s0x0:0x3e60e1a056481fc5!8m2!3d-27.5957021!4d-48.5051419', 2),
(578, 'Curso Happiness Program', 'Floreser', 'Rua Suíça, 487 - Bairro das Nações ', '', '2017-03-15 19:30:00', 2, 0, 'http://www.artedeviver.org.br/atividadedetalhe.php?codturma=6571', 'https://g.co/kgs/9PQOtH', 2),
(579, 'Curso Happiness Program', 'Floreser', 'Rua Suíça, 487 - Bairro das Nações ', '', '2017-05-11 19:30:00', 2, 0, '', 'https://g.co/kgs/9PQOtH', 2),
(580, 'Curso Happiness Program', 'Floreser', 'Rua Suíça, 487 - Bairro das Nações ', 'Contato: Carolina (47) 99738-7774', '2017-08-25 19:30:00', 2, 0, '', 'https://g.co/kgs/9PQOtH', 2),
(581, 'Meditação do Sol ', 'A Definir', '', '', '2017-03-04 03:57:26', 2, 0, '', '', 1),
(582, 'Meditação do Sol ', 'A Definir', '', '', '2017-03-04 03:57:26', 2, 0, '', '', 1),
(583, 'Meditação do Sol ', 'A Definir', '', '', '2017-03-04 03:57:26', 2, 0, '', '', 1),
(584, 'Meditação do Sol ', 'A Definir', '', '', '2017-03-04 03:57:26', 2, 0, '', '', 1),
(585, 'Meditação do Sol ', 'A Definir', '', '', '2017-03-04 03:57:26', 2, 0, '', '', 1),
(586, 'Meditação do Sol ', 'A Definir', '', '', '2017-03-04 03:57:26', 2, 0, '', '', 1),
(587, 'Meditação com Trilha ', 'A Definir', '', '', '2017-03-04 03:57:26', 2, 0, '', '', 1),
(588, 'Meditação com Trilha ', 'A Definir', '', '', '2017-03-04 03:57:26', 2, 0, '', '', 1),
(589, 'Meditação com Trilha ', 'A Definir', '', '', '2017-03-04 03:57:26', 2, 0, '', '', 1),
(590, 'Meditação com Trilha ', 'A Definir', '', '', '2017-03-04 03:57:26', 2, 0, '', '', 1),
(591, 'Meditação com Trilha ', 'A Definir', '', '', '2017-03-04 03:57:26', 2, 0, '', '', 1),
(592, 'Meditação com Trilha ', 'A Definir', '', '', '2017-03-04 03:57:26', 2, 0, '', '', 1),
(593, 'Meditação da Lua Cheia ', 'A Definir', '', '', '2017-03-04 03:57:26', 2, 0, '', '', 1),
(594, 'Meditação da Lua Cheia ', 'A Definir', '', '', '2017-03-04 03:57:26', 2, 0, '', '', 1),
(595, 'Meditação da Lua Cheia ', 'A Definir', '', '', '2017-03-04 03:57:26', 2, 0, '', '', 1),
(596, 'Meditação da Lua Cheia ', 'A Definir', '', '', '2017-03-04 03:57:26', 2, 0, '', '', 1),
(597, 'Meditação da Lua Cheia ', 'A Definir', '', '', '2017-03-04 03:57:26', 2, 0, '', '', 1),
(598, 'Meditação da Lua Cheia ', 'A Definir', '', '', '2017-03-04 03:57:26', 2, 0, '', '', 1),
(599, 'Meditação da lua cheia', 'Beira mar norte', 'Beira mar norte', 'Atrás da estação de tratamento da Casan', '2017-03-12 20:00:00', 1, 0, '', '', 1),
(600, 'Aula experimental', 'Confia', 'Rua da Vitória Régia, S/n, Córrego Grande 88037130 Florianópolis, Santa Catarina', 'Sessão gratuita', '2017-03-15 20:00:00', 1, 0, 'https://www.facebook.com/events/178750475962637??ti=ia', '', 3),
(601, 'Curso Avançado - DSN!', 'Kailash Yoga', 'R. Profa. Enoé Schutel, 168 - Trindade', '14-16/abril das 6h30 as 22h', '2017-04-13 19:30:00', 1, 1, 'http://www.artedeviver.org.br/atividadedetalhe.php?codturma=6599', 'https://www.google.com.br/maps?q=kailash+yoga&ion=1&espv=2&bav=on.2,or.r_cp.&bvm=bv.150729734,d.Y2I&biw=1366&bih=623&dpr=1&um=1&ie=UTF-8&sa=X&ved=0ahUKEwie5a-WrvjSAhWBkpAKHfXkAy8Q_AUIBygC', 4),
(602, 'Workshop de Bhajans/Mantras!', 'Itacorubi', 'Rua Pastor Willian Richard Schisler Filho, 1128', 'Das 14h as 18h', '2017-04-08 14:00:00', 1, 0, '', '', 1),
(603, 'Curso Happiness Program!', 'Estudio de Yoga Hara', 'R. Cmte. Ademar Nunes Píres, 10 - Córrego Grande', 'Sex 19h30-22h30; sab/dom 10h-13h', '2017-04-28 19:30:00', 1, 0, 'http://www.artedeviver.org.br/atividadedetalhe.php?codturma=6828', 'https://www.google.com.br/maps/place/Estudio+de+Yoga+Hara/@-27.5957021,-48.5073306,17z/data=!3m1!4b1!4m5!3m4!1s0x9527391db6719645:0x3e60e1a056481fc5!8m2!3d-27.5957021!4d-48.5051419', 1),
(605, 'Meditação na UFSC!', 'UFSC - Auditório da Eng. de Produção', '', '12h15-12h45', '2017-03-29 12:15:00', 1, 0, '', '', 1),
(606, 'Meditação na UFSC!', 'UFSC - Auditório da Eng. de Produção', '', '12h15-12h45', '2017-04-05 12:15:00', 1, 0, '', '', 1),
(607, 'Meditação na UFSC!', 'UFSC - Auditório da Eng. de Produção', '', '12h15-12h45', '2017-04-12 12:15:00', 1, 0, '', '', 1),
(608, 'Meditação na UFSC!', 'UFSC - Auditório da Eng. de Produção', '', '12h15-12h45', '2017-04-19 12:15:00', 1, 0, '', '', 1),
(609, 'Meditação na UFSC!', 'UFSC - Auditório da Eng. de Produção', '', '12h15-12h45', '2017-04-26 12:15:00', 1, 0, '', '', 1),
(610, 'Meditação na UFSC!', 'UFSC - Auditório da Eng. de Produção', '', '12h15-12h45', '2017-05-03 12:15:00', 1, 0, '', '', 1),
(611, 'Meditação na UFSC!', 'UFSC - Auditório da Eng. de Produção', '', '12h15-12h45', '2017-05-10 12:15:00', 1, 0, '', '', 1),
(612, 'Meditação na UFSC!', 'UFSC - Auditório da Eng. de Produção', '', '12h15-12h45', '2017-05-17 12:15:00', 1, 0, '', '', 1),
(613, 'Meditação na UFSC!', 'UFSC - Auditório da Eng. de Produção', '', '12h15-12h45', '2017-05-24 12:15:00', 1, 0, '', '', 1),
(614, 'Meditação na UFSC!', 'UFSC - Auditório da Eng. de Produção', '', '12h15-12h45', '2017-05-31 12:15:00', 1, 0, '', '', 1),
(615, 'Meditação na UFSC!', 'UFSC - Auditório da Eng. de Produção', '', '12h15-12h45', '2017-06-07 12:15:00', 1, 0, '', '', 1),
(616, 'Meditação na UFSC!', 'UFSC - Auditório da Eng. de Produção', '', '12h15-12h45', '2017-06-14 12:15:00', 1, 0, '', '', 1),
(617, 'Meditação na UFSC!', 'UFSC - Auditório da Eng. de Produção', '', '12h15-12h45', '2017-06-21 12:15:00', 1, 0, '', '', 1),
(618, 'Meditação na UFSC!', 'UFSC - Auditório da Eng. de Produção', '', '12h15-12h45', '2017-06-28 12:15:00', 1, 0, '', '', 1),
(620, 'Meditação da Lua Cheia', 'Beira Mar Norte', '', 'Gramado atrás da estação de tratamento da Casan', '2017-04-10 20:00:00', 1, 0, '', 'https://www.google.com.br/maps/place/Av.+Jorn.+Rub%C3%A9ns+de+Arruda+Ramos,+4572-5198+-+Centro,+Florian%C3%B3polis+-+SC,+88015-702/@-27.5850001,-48.5490212,18z/data=!4m2!3m1!1s0x9527381a224184ed:0x89b1e43715d58b02', 1),
(621, 'Meditação da Lua Cheia', 'Beira Mar Norte', '', 'Gramado atrás da estação de tratamento da Casan', '2017-05-10 20:00:00', 1, 0, '', 'https://www.google.com.br/maps/place/Av.+Jorn.+Rub%C3%A9ns+de+Arruda+Ramos,+4572-5198+-+Centro,+Florian%C3%B3polis+-+SC,+88015-702/@-27.5850001,-48.5490212,18z/data=!4m2!3m1!1s0x9527381a224184ed:0x89b1e43715d58b02', 1),
(622, 'Meditação da Lua Cheia', 'Beira Mar Norte', '', 'Gramado atrás da estação de tratamento da Casan', '2017-06-09 20:00:00', 1, 0, '', 'https://www.google.com.br/maps/place/Av.+Jorn.+Rub%C3%A9ns+de+Arruda+Ramos,+4572-5198+-+Centro,+Florian%C3%B3polis+-+SC,+88015-702/@-27.5850001,-48.5490212,18z/data=!4m2!3m1!1s0x9527381a224184ed:0x89b1e43715d58b02', 1),
(623, 'Meditação da Lua Cheia', 'Beira Mar Norte', '', 'Gramado atrás da estação de tratamento da Casan', '2017-07-08 20:00:00', 1, 0, '', 'https://www.google.com.br/maps/place/Av.+Jorn.+Rub%C3%A9ns+de+Arruda+Ramos,+4572-5198+-+Centro,+Florian%C3%B3polis+-+SC,+88015-702/@-27.5850001,-48.5490212,18z/data=!4m2!3m1!1s0x9527381a224184ed:0x89b1e43715d58b02', 1),
(624, 'Meditação da Lua Cheia', 'Beira Mar Norte', '', 'Gramado atrás da estação de tratamento da Casan', '2017-08-07 20:00:00', 1, 0, '', 'https://www.google.com.br/maps/place/Av.+Jorn.+Rub%C3%A9ns+de+Arruda+Ramos,+4572-5198+-+Centro,+Florian%C3%B3polis+-+SC,+88015-702/@-27.5850001,-48.5490212,18z/data=!4m2!3m1!1s0x9527381a224184ed:0x89b1e43715d58b02', 1),
(625, 'Meditação da Lua Cheia', 'Beira Mar Norte', '', 'Gramado atrás da estação de tratamento da Casan', '2017-09-05 20:00:00', 1, 0, '', 'https://www.google.com.br/maps/place/Av.+Jorn.+Rub%C3%A9ns+de+Arruda+Ramos,+4572-5198+-+Centro,+Florian%C3%B3polis+-+SC,+88015-702/@-27.5850001,-48.5490212,18z/data=!4m2!3m1!1s0x9527381a224184ed:0x89b1e43715d58b02', 1),
(626, 'Meditação da Lua Cheia', 'Beira Mar Norte', '', 'Gramado atrás da estação de tratamento da Casan', '2017-10-05 20:00:00', 1, 0, '', 'https://www.google.com.br/maps/place/Av.+Jorn.+Rub%C3%A9ns+de+Arruda+Ramos,+4572-5198+-+Centro,+Florian%C3%B3polis+-+SC,+88015-702/@-27.5850001,-48.5490212,18z/data=!4m2!3m1!1s0x9527381a224184ed:0x89b1e43715d58b02', 1),
(627, 'Meditação da Lua Cheia', 'Beira Mar Norte', '', 'Gramado atrás da estação de tratamento da Casan', '2017-11-03 20:00:00', 1, 0, '', 'https://www.google.com.br/maps/place/Av.+Jorn.+Rub%C3%A9ns+de+Arruda+Ramos,+4572-5198+-+Centro,+Florian%C3%B3polis+-+SC,+88015-702/@-27.5850001,-48.5490212,18z/data=!4m2!3m1!1s0x9527381a224184ed:0x89b1e43715d58b02', 1),
(628, 'Meditação da Lua Cheia', 'Beira Mar Norte', '', 'Gramado atrás da estação de tratamento da Casan', '2017-12-03 20:00:00', 1, 0, '', 'https://www.google.com.br/maps/place/Av.+Jorn.+Rub%C3%A9ns+de+Arruda+Ramos,+4572-5198+-+Centro,+Florian%C3%B3polis+-+SC,+88015-702/@-27.5850001,-48.5490212,18z/data=!4m2!3m1!1s0x9527381a224184ed:0x89b1e43715d58b02', 1),
(629, 'Curso de Meditação - Sahaj Samadhi', 'Estúdio de Yoga Hara', 'R. Cmte. Ademar Nunes Píres, 10 - Córrego Grande', '', '2017-07-28 19:30:00', 1, 0, 'http://www.artedeviver.org.br/atividadedetalhe.php?codturma=5588', 'https://www.google.com.br/maps/place/Estudio+de+Yoga+Hara/@-27.5957021,-48.5073306,17z/data=!3m1!4b1!4m5!3m4!1s0x9527391db6719645:0x3e60e1a056481fc5!8m2!3d-27.5957021!4d-48.5051419', 2),
(630, 'Curso Happiness Program!', 'Estúdio de Yoga Hara', 'R. Cmte. Ademar Nunes Píres, 10 - Córrego Grande', '', '2017-06-23 19:30:00', 1, 0, 'http://www.artedeviverbrasil.org.br/atividadedetalhe.php?codturma=7088', 'https://www.google.com.br/maps/place/Estudio+de+Yoga+Hara/@-27.5957021,-48.5073306,17z/data=!3m1!4b1!4m5!3m4!1s0x9527391db6719645:0x3e60e1a056481fc5!8m2!3d-27.5957021!4d-48.5051419', 2),
(647, 'Curso - YES - para jovens de 13 a 17 anos', 'Estudio de Yoga Hara', 'R. Cmte. Ademar Nunes Píres, 10 - Santa Monica', 'Qui/Sex: 19h30-22h30; Sab/Dom 10h-13h', '2017-07-06 19:30:00', 1, 0, 'http://www.artedeviverbrasil.org.br/atividadedetalhe.php?codturma=6829', 'R. Cmte. Ademar Nunes Píres, 10', 2),
(632, 'Curso - Sri Sri Yoga', 'Estúdio de Yoga Hara', 'R. Cmte. Ademar Nunes Píres, 10 - Córrego Grande', 'Dias 08, 09 e 12 (quinta, sexta e segunda) das 20h às 22h30 Dias 10 e 11 (sábado e domingo) das 10h às 12h30', '2017-06-08 20:00:00', 1, 0, 'http://www.artedeviver.org.br/atividadedetalhe.php?codturma=6827', 'https://www.google.com.br/maps/place/Estudio+de+Yoga+Hara/@-27.5957021,-48.5073306,17z/data=!3m1!4b1!4m5!3m4!1s0x9527391db6719645:0x3e60e1a056481fc5!8m2!3d-27.5957021!4d-48.5051419', 2),
(633, 'Curso - Arte do Silêncio', 'Montanha Encantada', 'Rua Luiz Silveira Soares, 108 - Encantada, Garopaba', 'Check in de entrada dia 01/nov das 19h as 23h', '2017-11-02 08:00:00', 1, 1, '', 'https://www.google.com.br/maps/place/Centro+de+Yoga+Montanha+Encantada/@-28.0606686,-48.6789691,15z/data=!4m2!3m1!1s0x0:0x9eb0e21bf77c40b2?sa=X&ved=0ahUKEwj5-pTv-fnSAhVCDpAKHcYtDwQQ_BIIeDAR', 2),
(634, 'Yoga Day!', 'Beira Mar Norte', '', 'Gramado atrás da estação de tratamento da Casan', '2017-06-21 20:00:00', 1, 0, '', 'https://www.google.com.br/maps/place/Av.+Jorn.+Rub%C3%A9ns+de+Arruda+Ramos,+4572-5198+-+Centro,+Florian%C3%B3polis+-+SC,+88015-702/@-27.5850001,-48.5490212,18z/data=!4m2!3m1!1s0x9527381a224184ed:0x89b1e43715d58b02', 1),
(635, 'Meditação da Lua Cheia - Jurerê', 'Praia de Jurere - Em frente ao Acqua Plage', 'R. das Algas, 726', 'Na areia', '2017-04-10 20:00:00', 1, 0, '', 'https://www.google.com.br/maps/place/Acqua+Plage+Jurer%C3%AA+Internacional/@-27.439048,-48.4971443,16.5z/data=!4m8!1m2!2m1!1sjurere+acqua!3m4!1s0x0:0x578ad7276c392e90!8m2!3d-27.4381349!4d-48.4938267', 1),
(636, 'Satsang!', 'Kailash Yoga', 'R. Profa. Enoé Schutel, 168 - Trindade', '', '2017-04-05 20:00:00', 1, 1, '', 'https://www.google.com.br/maps?q=kailash+yoga&ion=1&espv=2&bav=on.2,or.r_cp.&bvm=bv.150729734,d.Y2I&biw=1366&bih=623&dpr=1&um=1&ie=UTF-8&sa=X&ved=0ahUKEwie5a-WrvjSAhWBkpAKHfXkAy8Q_AUIBygC', 4),
(637, 'Satsang!', 'Kailash Yoga', 'R. Profa. Enoé Schutel, 168 - Trindade', '', '2017-04-12 20:00:00', 1, 1, '', 'https://www.google.com.br/maps?q=kailash+yoga&ion=1&espv=2&bav=on.2,or.r_cp.&bvm=bv.150729734,d.Y2I&biw=1366&bih=623&dpr=1&um=1&ie=UTF-8&sa=X&ved=0ahUKEwie5a-WrvjSAhWBkpAKHfXkAy8Q_AUIBygC', 4),
(638, 'Satsang!', 'Kailash Yoga', 'R. Profa. Enoé Schutel, 168 - Trindade', '', '2017-04-19 20:00:00', 1, 1, '', 'https://www.google.com.br/maps?q=kailash+yoga&ion=1&espv=2&bav=on.2,or.r_cp.&bvm=bv.150729734,d.Y2I&biw=1366&bih=623&dpr=1&um=1&ie=UTF-8&sa=X&ved=0ahUKEwie5a-WrvjSAhWBkpAKHfXkAy8Q_AUIBygC', 4),
(639, 'Satsang!', 'Kailash Yoga', 'R. Profa. Enoé Schutel, 168 - Trindade', '', '2017-04-26 20:00:00', 1, 1, '', 'https://www.google.com.br/maps?q=kailash+yoga&ion=1&espv=2&bav=on.2,or.r_cp.&bvm=bv.150729734,d.Y2I&biw=1366&bih=623&dpr=1&um=1&ie=UTF-8&sa=X&ved=0ahUKEwie5a-WrvjSAhWBkpAKHfXkAy8Q_AUIBygC', 4),
(640, 'Satsang!', 'Kailash Yoga', 'R. Profa. Enoé Schutel, 168 - Trindade', '', '2017-05-03 20:00:00', 1, 1, '', 'https://www.google.com.br/maps?q=kailash+yoga&ion=1&espv=2&bav=on.2,or.r_cp.&bvm=bv.150729734,d.Y2I&biw=1366&bih=623&dpr=1&um=1&ie=UTF-8&sa=X&ved=0ahUKEwie5a-WrvjSAhWBkpAKHfXkAy8Q_AUIBygC', 4),
(641, 'Satsang!', 'Kailash Yoga', 'R. Profa. Enoé Schutel, 168 - Trindade', '', '2017-05-10 20:00:00', 1, 1, '', 'https://www.google.com.br/maps?q=kailash+yoga&ion=1&espv=2&bav=on.2,or.r_cp.&bvm=bv.150729734,d.Y2I&biw=1366&bih=623&dpr=1&um=1&ie=UTF-8&sa=X&ved=0ahUKEwie5a-WrvjSAhWBkpAKHfXkAy8Q_AUIBygC', 4),
(642, 'Satsang!', 'Kailash Yoga', 'R. Profa. Enoé Schutel, 168 - Trindade', '', '2017-05-17 20:00:00', 1, 1, '', 'https://www.google.com.br/maps?q=kailash+yoga&ion=1&espv=2&bav=on.2,or.r_cp.&bvm=bv.150729734,d.Y2I&biw=1366&bih=623&dpr=1&um=1&ie=UTF-8&sa=X&ved=0ahUKEwie5a-WrvjSAhWBkpAKHfXkAy8Q_AUIBygC', 4),
(643, 'Satsang!', 'Kailash Yoga', 'R. Profa. Enoé Schutel, 168 - Trindade', '', '2017-05-24 20:00:00', 1, 1, '', 'https://www.google.com.br/maps?q=kailash+yoga&ion=1&espv=2&bav=on.2,or.r_cp.&bvm=bv.150729734,d.Y2I&biw=1366&bih=623&dpr=1&um=1&ie=UTF-8&sa=X&ved=0ahUKEwie5a-WrvjSAhWBkpAKHfXkAy8Q_AUIBygC', 4),
(644, 'Satsang!', 'Kailash Yoga', 'R. Profa. Enoé Schutel, 168 - Trindade', '', '2017-05-31 20:00:00', 1, 1, '', 'https://www.google.com.br/maps?q=kailash+yoga&ion=1&espv=2&bav=on.2,or.r_cp.&bvm=bv.150729734,d.Y2I&biw=1366&bih=623&dpr=1&um=1&ie=UTF-8&sa=X&ved=0ahUKEwie5a-WrvjSAhWBkpAKHfXkAy8Q_AUIBygC', 4),
(645, 'Satsang!', 'Kailash Yoga', '', '', '2017-04-28 20:00:00', 1, 1, '', '', 4),
(646, 'Curso Happiness Program!', 'Estúdio de Yoga Hara', 'R. Cmte. Ademar Nunes Píres, 10 - Córrego Grande', '', '2017-05-26 19:30:00', 1, 0, 'http://www.artedeviver.org.br/atividadedetalhe.php?codturma=7088', 'https://www.google.com.br/maps/place/Estudio+de+Yoga+Hara/@-27.5957021,-48.5073306,17z/data=!3m1!4b1!4m5!3m4!1s0x9527391db6719645:0x3e60e1a056481fc5!8m2!3d-27.5957021!4d-48.5051419', 2),
(648, 'Curso - Sahaj Samadhi', 'Espaço FloreSer', 'Rua Suíça, 487 - Bairro das Nações', 'Ter/Qua/Qui 19h30-22h30', '2017-06-20 19:30:00', 2, 0, 'http://www.artedeviverbrasil.org.br/atividadedetalhe.php?codturma=6614', 'https://www.google.com.br/maps/place/R.+Su%C3%AD%C3%A7a,+487+-+Na%C3%A7%C3%B5es,+Balne%C3%A1rio+Cambori%C3%BA+-+SC/data=!4m2!3m1!1s0x94d8ca1b610f3e4d:0x43d1b53003288544?sa=X&ved=0ahUKEwjBlPr-mJvUAhVJGpAKHTsvBOEQ8gEIJzAA', 2),
(649, 'Curso - Happiness Program', 'Espaço FloreSer', 'Rua Suíça, 487 - Bairro das Nações', 'Sex 19h30-22h30; Sab/Dom 10h-13h', '2017-07-14 19:30:00', 2, 0, 'http://www.artedeviverbrasil.org.br/atividadedetalhe.php?codturma=7258', 'https://www.google.com.br/maps/place/R.+Su%C3%AD%C3%A7a,+487+-+Na%C3%A7%C3%B5es,+Balne%C3%A1rio+Cambori%C3%BA+-+SC/data=!4m2!3m1!1s0x94d8ca1b610f3e4d:0x43d1b53003288544?sa=X&ved=0ahUKEwjBlPr-mJvUAhVJGpAKHTsvBOEQ8gEIJzAA', 2),
(650, 'Curso - ART Excel (8 a 12 anos)', 'Espaço FloreSer', 'Rua Suíça, 487 - Bairro das Nações', 'Das 14h às 17h', '2017-07-17 14:00:00', 2, 0, 'http://www.artedeviverbrasil.org.br/atividadedetalhe.php?codturma=6656', 'https://www.google.com.br/maps/place/R.+Su%C3%AD%C3%A7a,+487+-+Na%C3%A7%C3%B5es,+Balne%C3%A1rio+Cambori%C3%BA+-+SC/data=!4m2!3m1!1s0x94d8ca1b610f3e4d:0x43d1b53003288544?sa=X&ved=0ahUKEwjBlPr-mJvUAhVJGpAKHTsvBOEQ8gEIJzAA', 2),
(651, 'Satsang!', 'Kailash Yoga', 'R. Profa. Enoé Schutel, 168 - Trindade', '20h - 22h', '2017-06-28 20:00:00', 1, 1, '', 'https://www.google.com.br/maps/place/Kailash+Yoga/@-27.5876699,-48.5214777,15z/data=!4m2!3m1!1s0x0:0x68bad29468469452?sa=X&ved=0ahUKEwi8u82ujdzUAhUIlpAKHZWxAswQ_BIIgQEwDQ', 4),
(652, 'Satsang!', 'Kailash Yoga', 'R. Profa. Enoé Schutel, 168 - Trindade', '20h - 22h', '2017-07-05 20:00:00', 1, 1, '', 'https://www.google.com.br/maps/place/Kailash+Yoga/@-27.5876699,-48.5214777,15z/data=!4m2!3m1!1s0x0:0x68bad29468469452?sa=X&ved=0ahUKEwi8u82ujdzUAhUIlpAKHZWxAswQ_BIIgQEwDQ', 4),
(653, 'Satsang!', 'Kailash Yoga', 'R. Profa. Enoé Schutel, 168 - Trindade', '20h - 22h', '2017-07-12 20:00:00', 1, 1, '', 'https://www.google.com.br/maps/place/Kailash+Yoga/@-27.5876699,-48.5214777,15z/data=!4m2!3m1!1s0x0:0x68bad29468469452?sa=X&ved=0ahUKEwi8u82ujdzUAhUIlpAKHZWxAswQ_BIIgQEwDQ', 4),
(654, 'Satsang!', 'Kailash Yoga', 'R. Profa. Enoé Schutel, 168 - Trindade', '20h - 22h', '2017-07-19 20:00:00', 1, 1, '', 'https://www.google.com.br/maps/place/Kailash+Yoga/@-27.5876699,-48.5214777,15z/data=!4m2!3m1!1s0x0:0x68bad29468469452?sa=X&ved=0ahUKEwi8u82ujdzUAhUIlpAKHZWxAswQ_BIIgQEwDQ', 4),
(655, 'Satsang!', 'Kailash Yoga', 'R. Profa. Enoé Schutel, 168 - Trindade', '20h - 22h', '2017-07-26 20:00:00', 1, 1, '', 'https://www.google.com.br/maps/place/Kailash+Yoga/@-27.5876699,-48.5214777,15z/data=!4m2!3m1!1s0x0:0x68bad29468469452?sa=X&ved=0ahUKEwi8u82ujdzUAhUIlpAKHZWxAswQ_BIIgQEwDQ', 4),
(656, 'Satsang!', 'Kailash Yoga', 'R. Profa. Enoé Schutel, 168 - Trindade', '20h - 22h', '2017-08-02 20:00:00', 1, 1, '', 'https://www.google.com.br/maps/place/Kailash+Yoga/@-27.5876699,-48.5214777,15z/data=!4m2!3m1!1s0x0:0x68bad29468469452?sa=X&ved=0ahUKEwi8u82ujdzUAhUIlpAKHZWxAswQ_BIIgQEwDQ', 4),
(765, 'Satsang!', 'Sede', 'Rua Patricio Farias, 75 - sala 405 - Itacorubi', '20h - 22h', '2017-12-28 20:00:00', 1, 1, '', 'https://www.google.com.br/maps/place/R.+Patr%C3%ADcio+Farias,+75+-+Itacorubi,+Florian%C3%B3polis+-+SC/@-27.5747904,-48.5123493,17z/data=!3m1!4b1!4m5!3m4!1s0x9527388d15010217:0x136d43db65c68783!8m2!3d-27.5747904!4d-48.5101606', 4),
(658, 'Meditação na UFSC', 'Auditório da Eng. de Produção', 'UFSC', '12h15 à - 12h45', '2017-07-05 12:15:00', 1, 0, '', '', 1),
(659, 'Meditação na UFSC', 'Auditório da Eng. de Produção', 'UFSC', '12h15 à - 12h45', '2017-07-12 12:15:00', 1, 0, '', '', 1),
(660, 'Meditação na UFSC', 'Auditório da Eng. de Produção', 'UFSC', '12h15 à - 12h45', '2017-07-19 12:15:00', 1, 0, '', '', 1),
(661, 'Meditação na UFSC', 'Auditório da Eng. de Produção', 'UFSC', '12h15 à - 12h45', '2017-07-26 12:15:00', 1, 0, '', '', 1),
(662, 'Meditação na UFSC', 'Auditório da Eng. de Produção', 'UFSC', '12h15 à - 12h45', '2017-08-02 12:15:00', 1, 0, '', '', 1),
(663, 'Meditação na UFSC', 'Auditório da Eng. de Produção', 'UFSC', '12h15 à - 12h45', '2017-08-09 12:15:00', 1, 0, '', '', 1),
(664, 'Meditação na UFSC', 'Auditório da Eng. de Produção', 'UFSC', '12h15 à - 12h45', '2017-08-16 12:15:00', 1, 0, '', '', 1),
(665, 'Meditação na UFSC', 'Auditório da Eng. de Produção', 'UFSC', '12h15 à - 12h45', '2017-08-23 12:15:00', 1, 0, '', '', 1),
(666, 'Meditação na UFSC', 'Auditório da Eng. de Produção', 'UFSC', '12h15 à - 12h45', '2017-08-30 12:15:00', 1, 0, '', '', 1),
(667, 'Meditação na UFSC', 'Auditório da Eng. de Produção', 'UFSC', '12h15 à - 12h45', '2017-09-06 12:15:00', 1, 0, '', '', 1),
(668, 'Meditação na UFSC', 'Auditório da Eng. de Produção', 'UFSC', '12h15 à - 12h45', '2017-09-20 12:15:00', 1, 0, '', '', 1),
(669, 'Meditação na UFSC', 'Auditório da Eng. de Produção', 'UFSC', '12h15 à - 12h45', '2017-09-27 12:15:00', 1, 0, '', '', 1),
(670, 'Meditação na UFSC', 'Auditório da Eng. de Produção', 'UFSC', '12h15 à - 12h45', '2017-10-04 12:15:00', 1, 0, '', '', 1),
(671, 'Meditação na UFSC', 'Auditório da Eng. de Produção', 'UFSC', '12h15 à - 12h45', '2017-10-11 12:15:00', 1, 0, '', '', 1),
(672, 'Meditação na UFSC', 'Auditório da Eng. de Produção', 'UFSC', '12h15 à - 12h45', '2017-10-18 12:15:00', 1, 0, '', '', 1),
(673, 'Meditação na UFSC', 'Auditório da Eng. de Produção', 'UFSC', '12h15 à - 12h45', '2017-10-25 12:15:00', 1, 0, '', '', 1),
(674, 'Meditação na UFSC', 'Auditório da Eng. de Produção', 'UFSC', '12h15 à - 12h45', '2017-11-01 12:15:00', 1, 0, '', '', 1),
(675, 'Meditação na UFSC', 'Auditório da Eng. de Produção', 'UFSC', '12h15 à - 12h45', '2017-11-08 12:15:00', 1, 0, '', '', 1),
(676, 'Meditação na UFSC', 'Auditório da Eng. de Produção', 'UFSC', '12h15 à - 12h45', '2017-11-22 12:15:00', 1, 0, '', '', 1),
(677, 'Meditação na UFSC', 'Auditório da Eng. de Produção', 'UFSC', '12h15 à - 12h45', '2017-11-29 12:15:00', 1, 0, '', '', 1),
(678, 'Meditação na UFSC', 'Auditório da Eng. de Produção', 'UFSC', '12h15 à - 12h45', '2017-12-06 12:15:00', 1, 0, '', '', 1),
(679, 'Meditação na UFSC', 'Auditório da Eng. de Produção', 'UFSC', '12h15 à - 12h45', '2017-12-13 12:15:00', 1, 0, '', '', 1),
(680, 'Meditação na UFSC', 'Auditório da Eng. de Produção', 'UFSC', '12h15 à - 12h45', '2017-12-20 12:15:00', 1, 0, '', '', 1),
(681, 'Meditação na UFSC', 'Auditório da Eng. de Produção', 'UFSC', '12h15 à - 12h45', '2017-12-27 12:15:00', 1, 0, '', '', 1),
(682, 'Meditação UDESC', 'Auditório da FAED (sala 210)', 'Av. Me. Benvenuta, 2007 - Itacorubi', '12h15 à - 12h45', '2017-06-27 12:15:00', 1, 0, '', 'https://www.google.com.br/maps/place/UDESC+-+Universidade+do+Estado+de+Santa+Catarina/@-27.5860304,-48.5032757,15z/data=!4m5!3m4!1s0x0:0xe8373a9ac4dfc3a5!8m2!3d-27.5860304!4d-48.5032757', 1),
(683, 'Meditação UDESC', 'Auditório da FAED (sala 210)', 'Av. Me. Benvenuta, 2007 - Itacorubi', '12h15 à - 12h45', '2017-07-04 12:15:00', 1, 0, '', 'https://www.google.com.br/maps/place/UDESC+-+Universidade+do+Estado+de+Santa+Catarina/@-27.5860304,-48.5032757,15z/data=!4m5!3m4!1s0x0:0xe8373a9ac4dfc3a5!8m2!3d-27.5860304!4d-48.5032757', 1),
(684, 'Meditação UDESC', 'Auditório da FAED (sala 210)', 'Av. Me. Benvenuta, 2007 - Itacorubi', '12h15 à - 12h45', '2017-07-11 12:15:00', 1, 0, '', 'https://www.google.com.br/maps/place/UDESC+-+Universidade+do+Estado+de+Santa+Catarina/@-27.5860304,-48.5032757,15z/data=!4m5!3m4!1s0x0:0xe8373a9ac4dfc3a5!8m2!3d-27.5860304!4d-48.5032757', 1),
(685, 'Meditação UDESC', 'Auditório da FAED (sala 210)', 'Av. Me. Benvenuta, 2007 - Itacorubi', '12h15 à - 12h45', '2017-07-18 12:15:00', 1, 0, '', 'https://www.google.com.br/maps/place/UDESC+-+Universidade+do+Estado+de+Santa+Catarina/@-27.5860304,-48.5032757,15z/data=!4m5!3m4!1s0x0:0xe8373a9ac4dfc3a5!8m2!3d-27.5860304!4d-48.5032757', 1),
(686, 'Meditação UDESC', 'Auditório da FAED (sala 210)', 'Av. Me. Benvenuta, 2007 - Itacorubi', '12h15 à - 12h45', '2017-07-25 12:15:00', 1, 0, '', 'https://www.google.com.br/maps/place/UDESC+-+Universidade+do+Estado+de+Santa+Catarina/@-27.5860304,-48.5032757,15z/data=!4m5!3m4!1s0x0:0xe8373a9ac4dfc3a5!8m2!3d-27.5860304!4d-48.5032757', 1),
(687, 'Meditação UDESC', 'Auditório da FAED (sala 210)', 'Av. Me. Benvenuta, 2007 - Itacorubi', '12h15 à - 12h45', '2017-08-01 12:15:00', 1, 0, '', 'https://www.google.com.br/maps/place/UDESC+-+Universidade+do+Estado+de+Santa+Catarina/@-27.5860304,-48.5032757,15z/data=!4m5!3m4!1s0x0:0xe8373a9ac4dfc3a5!8m2!3d-27.5860304!4d-48.5032757', 1),
(688, 'Meditação UDESC', 'Auditório da FAED (sala 210)', 'Av. Me. Benvenuta, 2007 - Itacorubi', '12h15 à - 12h45', '2017-08-08 12:15:00', 1, 0, '', 'https://www.google.com.br/maps/place/UDESC+-+Universidade+do+Estado+de+Santa+Catarina/@-27.5860304,-48.5032757,15z/data=!4m5!3m4!1s0x0:0xe8373a9ac4dfc3a5!8m2!3d-27.5860304!4d-48.5032757', 1),
(689, 'Meditação UDESC', 'Auditório da FAED (sala 210)', 'Av. Me. Benvenuta, 2007 - Itacorubi', '12h15 à - 12h45', '2017-08-15 12:15:00', 1, 0, '', 'https://www.google.com.br/maps/place/UDESC+-+Universidade+do+Estado+de+Santa+Catarina/@-27.5860304,-48.5032757,15z/data=!4m5!3m4!1s0x0:0xe8373a9ac4dfc3a5!8m2!3d-27.5860304!4d-48.5032757', 1),
(690, 'Meditação UDESC', 'Auditório da FAED (sala 210)', 'Av. Me. Benvenuta, 2007 - Itacorubi', '12h15 à - 12h45', '2017-08-22 12:15:00', 1, 0, '', 'https://www.google.com.br/maps/place/UDESC+-+Universidade+do+Estado+de+Santa+Catarina/@-27.5860304,-48.5032757,15z/data=!4m5!3m4!1s0x0:0xe8373a9ac4dfc3a5!8m2!3d-27.5860304!4d-48.5032757', 1);
INSERT INTO `eventos` (`id`, `nome`, `local`, `endereco`, `observacao`, `data`, `id_cidade`, `privado`, `link`, `map`, `id_tipo_evento`) VALUES
(691, 'Meditação UDESC', 'Auditório da FAED (sala 210)', 'Av. Me. Benvenuta, 2007 - Itacorubi', '12h15 à - 12h45', '2017-08-29 12:15:00', 1, 0, '', 'https://www.google.com.br/maps/place/UDESC+-+Universidade+do+Estado+de+Santa+Catarina/@-27.5860304,-48.5032757,15z/data=!4m5!3m4!1s0x0:0xe8373a9ac4dfc3a5!8m2!3d-27.5860304!4d-48.5032757', 1),
(692, 'Meditação UDESC', 'Auditório da FAED (sala 210)', 'Av. Me. Benvenuta, 2007 - Itacorubi', '12h15 à - 12h45', '2017-09-05 12:15:00', 1, 0, '', 'https://www.google.com.br/maps/place/UDESC+-+Universidade+do+Estado+de+Santa+Catarina/@-27.5860304,-48.5032757,15z/data=!4m5!3m4!1s0x0:0xe8373a9ac4dfc3a5!8m2!3d-27.5860304!4d-48.5032757', 1),
(693, 'Meditação UDESC', 'Auditório da FAED (sala 210)', 'Av. Me. Benvenuta, 2007 - Itacorubi', '12h15 à - 12h45', '2017-09-12 12:15:00', 1, 0, '', 'https://www.google.com.br/maps/place/UDESC+-+Universidade+do+Estado+de+Santa+Catarina/@-27.5860304,-48.5032757,15z/data=!4m5!3m4!1s0x0:0xe8373a9ac4dfc3a5!8m2!3d-27.5860304!4d-48.5032757', 1),
(694, 'Meditação UDESC', 'Auditório da FAED (sala 210)', 'Av. Me. Benvenuta, 2007 - Itacorubi', '12h15 à - 12h45', '2017-09-19 12:15:00', 1, 0, '', 'https://www.google.com.br/maps/place/UDESC+-+Universidade+do+Estado+de+Santa+Catarina/@-27.5860304,-48.5032757,15z/data=!4m5!3m4!1s0x0:0xe8373a9ac4dfc3a5!8m2!3d-27.5860304!4d-48.5032757', 1),
(695, 'Meditação UDESC', 'Auditório da FAED (sala 210)', 'Av. Me. Benvenuta, 2007 - Itacorubi', '12h15 à - 12h45', '2017-09-26 12:15:00', 1, 0, '', 'https://www.google.com.br/maps/place/UDESC+-+Universidade+do+Estado+de+Santa+Catarina/@-27.5860304,-48.5032757,15z/data=!4m5!3m4!1s0x0:0xe8373a9ac4dfc3a5!8m2!3d-27.5860304!4d-48.5032757', 1),
(696, 'Meditação UDESC', 'Auditório da FAED (sala 210)', 'Av. Me. Benvenuta, 2007 - Itacorubi', '12h15 à - 12h45', '2017-10-03 12:15:00', 1, 0, '', 'https://www.google.com.br/maps/place/UDESC+-+Universidade+do+Estado+de+Santa+Catarina/@-27.5860304,-48.5032757,15z/data=!4m5!3m4!1s0x0:0xe8373a9ac4dfc3a5!8m2!3d-27.5860304!4d-48.5032757', 1),
(697, 'Meditação UDESC', 'Auditório da FAED (sala 210)', 'Av. Me. Benvenuta, 2007 - Itacorubi', '12h15 à - 12h45', '2017-10-10 12:15:00', 1, 0, '', 'https://www.google.com.br/maps/place/UDESC+-+Universidade+do+Estado+de+Santa+Catarina/@-27.5860304,-48.5032757,15z/data=!4m5!3m4!1s0x0:0xe8373a9ac4dfc3a5!8m2!3d-27.5860304!4d-48.5032757', 1),
(698, 'Meditação UDESC', 'Auditório da FAED (sala 210)', 'Av. Me. Benvenuta, 2007 - Itacorubi', '12h15 à - 12h45', '2017-10-17 12:15:00', 1, 0, '', 'https://www.google.com.br/maps/place/UDESC+-+Universidade+do+Estado+de+Santa+Catarina/@-27.5860304,-48.5032757,15z/data=!4m5!3m4!1s0x0:0xe8373a9ac4dfc3a5!8m2!3d-27.5860304!4d-48.5032757', 1),
(699, 'Meditação UDESC', 'Auditório da FAED (sala 210)', 'Av. Me. Benvenuta, 2007 - Itacorubi', '12h15 à - 12h45', '2017-10-24 12:15:00', 1, 0, '', 'https://www.google.com.br/maps/place/UDESC+-+Universidade+do+Estado+de+Santa+Catarina/@-27.5860304,-48.5032757,15z/data=!4m5!3m4!1s0x0:0xe8373a9ac4dfc3a5!8m2!3d-27.5860304!4d-48.5032757', 1),
(700, 'Meditação UDESC', 'Auditório da FAED (sala 210)', 'Av. Me. Benvenuta, 2007 - Itacorubi', '12h15 à - 12h45', '2017-10-31 12:15:00', 1, 0, '', 'https://www.google.com.br/maps/place/UDESC+-+Universidade+do+Estado+de+Santa+Catarina/@-27.5860304,-48.5032757,15z/data=!4m5!3m4!1s0x0:0xe8373a9ac4dfc3a5!8m2!3d-27.5860304!4d-48.5032757', 1),
(701, 'Meditação UDESC', 'Auditório da FAED (sala 210)', 'Av. Me. Benvenuta, 2007 - Itacorubi', '12h15 à - 12h45', '2017-11-07 12:15:00', 1, 0, '', 'https://www.google.com.br/maps/place/UDESC+-+Universidade+do+Estado+de+Santa+Catarina/@-27.5860304,-48.5032757,15z/data=!4m5!3m4!1s0x0:0xe8373a9ac4dfc3a5!8m2!3d-27.5860304!4d-48.5032757', 1),
(702, 'Meditação UDESC', 'Auditório da FAED (sala 210)', 'Av. Me. Benvenuta, 2007 - Itacorubi', '12h15 à - 12h45', '2017-11-14 12:15:00', 1, 0, '', 'https://www.google.com.br/maps/place/UDESC+-+Universidade+do+Estado+de+Santa+Catarina/@-27.5860304,-48.5032757,15z/data=!4m5!3m4!1s0x0:0xe8373a9ac4dfc3a5!8m2!3d-27.5860304!4d-48.5032757', 1),
(703, 'Meditação UDESC', 'Auditório da FAED (sala 210)', 'Av. Me. Benvenuta, 2007 - Itacorubi', '12h15 à - 12h45', '2017-11-21 12:15:00', 1, 0, '', 'https://www.google.com.br/maps/place/UDESC+-+Universidade+do+Estado+de+Santa+Catarina/@-27.5860304,-48.5032757,15z/data=!4m5!3m4!1s0x0:0xe8373a9ac4dfc3a5!8m2!3d-27.5860304!4d-48.5032757', 1),
(704, 'Meditação UDESC', 'Auditório da FAED (sala 210)', 'Av. Me. Benvenuta, 2007 - Itacorubi', '12h15 à - 12h45', '2017-11-28 12:15:00', 1, 0, '', 'https://www.google.com.br/maps/place/UDESC+-+Universidade+do+Estado+de+Santa+Catarina/@-27.5860304,-48.5032757,15z/data=!4m5!3m4!1s0x0:0xe8373a9ac4dfc3a5!8m2!3d-27.5860304!4d-48.5032757', 1),
(705, 'Meditação UDESC', 'Auditório da FAED (sala 210)', 'Av. Me. Benvenuta, 2007 - Itacorubi', '12h15 à - 12h45', '2017-12-05 12:15:00', 1, 0, '', 'https://www.google.com.br/maps/place/UDESC+-+Universidade+do+Estado+de+Santa+Catarina/@-27.5860304,-48.5032757,15z/data=!4m5!3m4!1s0x0:0xe8373a9ac4dfc3a5!8m2!3d-27.5860304!4d-48.5032757', 1),
(706, 'Meditação UDESC', 'Auditório da FAED (sala 210)', 'Av. Me. Benvenuta, 2007 - Itacorubi', '12h15 à - 12h45', '2017-12-12 12:15:00', 1, 0, '', 'https://www.google.com.br/maps/place/UDESC+-+Universidade+do+Estado+de+Santa+Catarina/@-27.5860304,-48.5032757,15z/data=!4m5!3m4!1s0x0:0xe8373a9ac4dfc3a5!8m2!3d-27.5860304!4d-48.5032757', 1),
(707, 'Meditação UDESC', 'Auditório da FAED (sala 210)', 'Av. Me. Benvenuta, 2007 - Itacorubi', '12h15 à - 12h45', '2017-12-19 12:15:00', 1, 0, '', 'https://www.google.com.br/maps/place/UDESC+-+Universidade+do+Estado+de+Santa+Catarina/@-27.5860304,-48.5032757,15z/data=!4m5!3m4!1s0x0:0xe8373a9ac4dfc3a5!8m2!3d-27.5860304!4d-48.5032757', 1),
(708, 'Meditação UDESC', 'Auditório da FAED (sala 210)', 'Av. Me. Benvenuta, 2007 - Itacorubi', '12h15 à - 12h45', '2017-12-26 12:15:00', 1, 0, '', 'https://www.google.com.br/maps/place/UDESC+-+Universidade+do+Estado+de+Santa+Catarina/@-27.5860304,-48.5032757,15z/data=!4m5!3m4!1s0x0:0xe8373a9ac4dfc3a5!8m2!3d-27.5860304!4d-48.5032757', 1),
(709, 'Medita Floripa', 'Beira Mar Norte', '', 'Gramado atrás da estação de tratamento da Casan', '2017-07-02 10:00:00', 1, 0, '', 'https://www.google.com.br/maps/place/Av.+Jorn.+Rub%C3%A9ns+de+Arruda+Ramos,+4572-5198+-+Centro,+Florian%C3%B3polis+-+SC,+88015-702/@-27.5850001,-48.5490212,18z/data=!4m2!3m1!1s0x9527381a224184ed:0x89b1e43715d58b02', 1),
(710, 'Medita Floripa', 'Beira Mar Norte', '', 'Gramado atrás da estação de tratamento da Casan', '2017-07-09 10:00:00', 1, 0, '', 'https://www.google.com.br/maps/place/Av.+Jorn.+Rub%C3%A9ns+de+Arruda+Ramos,+4572-5198+-+Centro,+Florian%C3%B3polis+-+SC,+88015-702/@-27.5850001,-48.5490212,18z/data=!4m2!3m1!1s0x9527381a224184ed:0x89b1e43715d58b02', 1),
(711, 'Medita Floripa', 'Beira Mar Norte', '', 'Gramado atrás da estação de tratamento da Casan', '2017-07-16 10:00:00', 1, 0, '', 'https://www.google.com.br/maps/place/Av.+Jorn.+Rub%C3%A9ns+de+Arruda+Ramos,+4572-5198+-+Centro,+Florian%C3%B3polis+-+SC,+88015-702/@-27.5850001,-48.5490212,18z/data=!4m2!3m1!1s0x9527381a224184ed:0x89b1e43715d58b02', 1),
(712, 'Medita Floripa', 'Beira Mar Norte', '', 'Gramado atrás da estação de tratamento da Casan', '2017-07-23 10:00:00', 1, 0, '', 'https://www.google.com.br/maps/place/Av.+Jorn.+Rub%C3%A9ns+de+Arruda+Ramos,+4572-5198+-+Centro,+Florian%C3%B3polis+-+SC,+88015-702/@-27.5850001,-48.5490212,18z/data=!4m2!3m1!1s0x9527381a224184ed:0x89b1e43715d58b02', 1),
(713, 'Medita Floripa', 'Beira Mar Norte', '', 'Gramado atrás da estação de tratamento da Casan', '2017-07-30 10:00:00', 1, 0, '', 'https://www.google.com.br/maps/place/Av.+Jorn.+Rub%C3%A9ns+de+Arruda+Ramos,+4572-5198+-+Centro,+Florian%C3%B3polis+-+SC,+88015-702/@-27.5850001,-48.5490212,18z/data=!4m2!3m1!1s0x9527381a224184ed:0x89b1e43715d58b02', 1),
(714, 'Medita Floripa', 'Beira Mar Norte', '', 'Gramado atrás da estação de tratamento da Casan', '2017-08-06 10:00:00', 1, 0, '', 'https://www.google.com.br/maps/place/Av.+Jorn.+Rub%C3%A9ns+de+Arruda+Ramos,+4572-5198+-+Centro,+Florian%C3%B3polis+-+SC,+88015-702/@-27.5850001,-48.5490212,18z/data=!4m2!3m1!1s0x9527381a224184ed:0x89b1e43715d58b02', 1),
(715, 'Medita Floripa', 'Beira Mar Norte', '', 'Gramado atrás da estação de tratamento da Casan', '2017-08-13 10:00:00', 1, 0, '', 'https://www.google.com.br/maps/place/Av.+Jorn.+Rub%C3%A9ns+de+Arruda+Ramos,+4572-5198+-+Centro,+Florian%C3%B3polis+-+SC,+88015-702/@-27.5850001,-48.5490212,18z/data=!4m2!3m1!1s0x9527381a224184ed:0x89b1e43715d58b02', 1),
(716, 'Medita Floripa', 'Beira Mar Norte', '', 'Gramado atrás da estação de tratamento da Casan', '2017-08-20 10:00:00', 1, 0, '', 'https://www.google.com.br/maps/place/Av.+Jorn.+Rub%C3%A9ns+de+Arruda+Ramos,+4572-5198+-+Centro,+Florian%C3%B3polis+-+SC,+88015-702/@-27.5850001,-48.5490212,18z/data=!4m2!3m1!1s0x9527381a224184ed:0x89b1e43715d58b02', 1),
(717, 'Medita Floripa', 'Beira Mar Norte', '', 'Gramado atrás da estação de tratamento da Casan', '2017-08-27 10:00:00', 1, 0, '', 'https://www.google.com.br/maps/place/Av.+Jorn.+Rub%C3%A9ns+de+Arruda+Ramos,+4572-5198+-+Centro,+Florian%C3%B3polis+-+SC,+88015-702/@-27.5850001,-48.5490212,18z/data=!4m2!3m1!1s0x9527381a224184ed:0x89b1e43715d58b02', 1),
(718, 'Medita Floripa', 'Beira Mar Norte', '', 'Gramado atrás da estação de tratamento da Casan', '2017-09-03 10:00:00', 1, 0, '', 'https://www.google.com.br/maps/place/Av.+Jorn.+Rub%C3%A9ns+de+Arruda+Ramos,+4572-5198+-+Centro,+Florian%C3%B3polis+-+SC,+88015-702/@-27.5850001,-48.5490212,18z/data=!4m2!3m1!1s0x9527381a224184ed:0x89b1e43715d58b02', 1),
(719, 'Medita Floripa', 'Beira Mar Norte', '', 'Gramado atrás da estação de tratamento da Casan', '2017-09-10 10:00:00', 1, 0, '', 'https://www.google.com.br/maps/place/Av.+Jorn.+Rub%C3%A9ns+de+Arruda+Ramos,+4572-5198+-+Centro,+Florian%C3%B3polis+-+SC,+88015-702/@-27.5850001,-48.5490212,18z/data=!4m2!3m1!1s0x9527381a224184ed:0x89b1e43715d58b02', 1),
(720, 'Medita Floripa', 'Beira Mar Norte', '', 'Gramado atrás da estação de tratamento da Casan', '2017-09-17 10:00:00', 1, 0, '', 'https://www.google.com.br/maps/place/Av.+Jorn.+Rub%C3%A9ns+de+Arruda+Ramos,+4572-5198+-+Centro,+Florian%C3%B3polis+-+SC,+88015-702/@-27.5850001,-48.5490212,18z/data=!4m2!3m1!1s0x9527381a224184ed:0x89b1e43715d58b02', 1),
(721, 'Medita Floripa', 'Beira Mar Norte', '', 'Gramado atrás da estação de tratamento da Casan', '2017-09-24 10:00:00', 1, 0, '', 'https://www.google.com.br/maps/place/Av.+Jorn.+Rub%C3%A9ns+de+Arruda+Ramos,+4572-5198+-+Centro,+Florian%C3%B3polis+-+SC,+88015-702/@-27.5850001,-48.5490212,18z/data=!4m2!3m1!1s0x9527381a224184ed:0x89b1e43715d58b02', 1),
(722, 'Medita Floripa', 'Beira Mar Norte', '', 'Gramado atrás da estação de tratamento da Casan', '2017-10-01 10:00:00', 1, 0, '', 'https://www.google.com.br/maps/place/Av.+Jorn.+Rub%C3%A9ns+de+Arruda+Ramos,+4572-5198+-+Centro,+Florian%C3%B3polis+-+SC,+88015-702/@-27.5850001,-48.5490212,18z/data=!4m2!3m1!1s0x9527381a224184ed:0x89b1e43715d58b02', 1),
(723, 'Medita Floripa', 'Beira Mar Norte', '', 'Gramado atrás da estação de tratamento da Casan', '2017-10-08 10:00:00', 1, 0, '', 'https://www.google.com.br/maps/place/Av.+Jorn.+Rub%C3%A9ns+de+Arruda+Ramos,+4572-5198+-+Centro,+Florian%C3%B3polis+-+SC,+88015-702/@-27.5850001,-48.5490212,18z/data=!4m2!3m1!1s0x9527381a224184ed:0x89b1e43715d58b02', 1),
(724, 'Medita Floripa', 'Beira Mar Norte', '', 'Gramado atrás da estação de tratamento da Casan', '2017-10-15 10:00:00', 1, 0, '', 'https://www.google.com.br/maps/place/Av.+Jorn.+Rub%C3%A9ns+de+Arruda+Ramos,+4572-5198+-+Centro,+Florian%C3%B3polis+-+SC,+88015-702/@-27.5850001,-48.5490212,18z/data=!4m2!3m1!1s0x9527381a224184ed:0x89b1e43715d58b02', 1),
(725, 'Medita Floripa', 'Beira Mar Norte', '', 'Gramado atrás da estação de tratamento da Casan', '2017-10-22 10:00:00', 1, 0, '', 'https://www.google.com.br/maps/place/Av.+Jorn.+Rub%C3%A9ns+de+Arruda+Ramos,+4572-5198+-+Centro,+Florian%C3%B3polis+-+SC,+88015-702/@-27.5850001,-48.5490212,18z/data=!4m2!3m1!1s0x9527381a224184ed:0x89b1e43715d58b02', 1),
(726, 'Medita Floripa', 'Beira Mar Norte', '', 'Gramado atrás da estação de tratamento da Casan', '2017-10-29 10:00:00', 1, 0, '', 'https://www.google.com.br/maps/place/Av.+Jorn.+Rub%C3%A9ns+de+Arruda+Ramos,+4572-5198+-+Centro,+Florian%C3%B3polis+-+SC,+88015-702/@-27.5850001,-48.5490212,18z/data=!4m2!3m1!1s0x9527381a224184ed:0x89b1e43715d58b02', 1),
(727, 'Medita Floripa', 'Beira Mar Norte', '', 'Gramado atrás da estação de tratamento da Casan', '2017-11-05 10:00:00', 1, 0, '', 'https://www.google.com.br/maps/place/Av.+Jorn.+Rub%C3%A9ns+de+Arruda+Ramos,+4572-5198+-+Centro,+Florian%C3%B3polis+-+SC,+88015-702/@-27.5850001,-48.5490212,18z/data=!4m2!3m1!1s0x9527381a224184ed:0x89b1e43715d58b02', 1),
(728, 'Medita Floripa', 'Beira Mar Norte', '', 'Gramado atrás da estação de tratamento da Casan', '2017-11-12 10:00:00', 1, 0, '', 'https://www.google.com.br/maps/place/Av.+Jorn.+Rub%C3%A9ns+de+Arruda+Ramos,+4572-5198+-+Centro,+Florian%C3%B3polis+-+SC,+88015-702/@-27.5850001,-48.5490212,18z/data=!4m2!3m1!1s0x9527381a224184ed:0x89b1e43715d58b02', 1),
(729, 'Medita Floripa', 'Beira Mar Norte', '', 'Gramado atrás da estação de tratamento da Casan', '2017-11-19 10:00:00', 1, 0, '', 'https://www.google.com.br/maps/place/Av.+Jorn.+Rub%C3%A9ns+de+Arruda+Ramos,+4572-5198+-+Centro,+Florian%C3%B3polis+-+SC,+88015-702/@-27.5850001,-48.5490212,18z/data=!4m2!3m1!1s0x9527381a224184ed:0x89b1e43715d58b02', 1),
(730, 'Medita Floripa', 'Beira Mar Norte', '', 'Gramado atrás da estação de tratamento da Casan', '2017-11-26 10:00:00', 1, 0, '', 'https://www.google.com.br/maps/place/Av.+Jorn.+Rub%C3%A9ns+de+Arruda+Ramos,+4572-5198+-+Centro,+Florian%C3%B3polis+-+SC,+88015-702/@-27.5850001,-48.5490212,18z/data=!4m2!3m1!1s0x9527381a224184ed:0x89b1e43715d58b02', 1),
(731, 'Medita Floripa', 'Beira Mar Norte', '', 'Gramado atrás da estação de tratamento da Casan', '2017-12-03 10:00:00', 1, 0, '', 'https://www.google.com.br/maps/place/Av.+Jorn.+Rub%C3%A9ns+de+Arruda+Ramos,+4572-5198+-+Centro,+Florian%C3%B3polis+-+SC,+88015-702/@-27.5850001,-48.5490212,18z/data=!4m2!3m1!1s0x9527381a224184ed:0x89b1e43715d58b02', 1),
(732, 'Medita Floripa', 'Beira Mar Norte', '', 'Gramado atrás da estação de tratamento da Casan', '2017-12-10 10:00:00', 1, 0, '', 'https://www.google.com.br/maps/place/Av.+Jorn.+Rub%C3%A9ns+de+Arruda+Ramos,+4572-5198+-+Centro,+Florian%C3%B3polis+-+SC,+88015-702/@-27.5850001,-48.5490212,18z/data=!4m2!3m1!1s0x9527381a224184ed:0x89b1e43715d58b02', 1),
(733, 'Medita Floripa', 'Beira Mar Norte', '', 'Gramado atrás da estação de tratamento da Casan', '2017-12-17 10:00:00', 1, 0, '', 'https://www.google.com.br/maps/place/Av.+Jorn.+Rub%C3%A9ns+de+Arruda+Ramos,+4572-5198+-+Centro,+Florian%C3%B3polis+-+SC,+88015-702/@-27.5850001,-48.5490212,18z/data=!4m2!3m1!1s0x9527381a224184ed:0x89b1e43715d58b02', 1),
(734, 'Medita Floripa', 'Beira Mar Norte', '', 'Gramado atrás da estação de tratamento da Casan', '2017-12-24 10:00:00', 1, 0, '', 'https://www.google.com.br/maps/place/Av.+Jorn.+Rub%C3%A9ns+de+Arruda+Ramos,+4572-5198+-+Centro,+Florian%C3%B3polis+-+SC,+88015-702/@-27.5850001,-48.5490212,18z/data=!4m2!3m1!1s0x9527381a224184ed:0x89b1e43715d58b02', 1),
(735, 'Medita Floripa', 'Beira Mar Norte', '', 'Gramado atrás da estação de tratamento da Casan', '2017-12-31 10:00:00', 1, 0, '', 'https://www.google.com.br/maps/place/Av.+Jorn.+Rub%C3%A9ns+de+Arruda+Ramos,+4572-5198+-+Centro,+Florian%C3%B3polis+-+SC,+88015-702/@-27.5850001,-48.5490212,18z/data=!4m2!3m1!1s0x9527381a224184ed:0x89b1e43715d58b02', 1),
(736, 'Curso - Happiness Program!', 'A definir', '', '04 a 06/08/17 (sex 20h-23h; sab/dom 10h-13h)', '2017-08-04 20:00:00', 1, 0, 'http://www.artedeviver.org.br/atividadedetalhe.php?codturma=7412', '', 2),
(737, 'Meditação da Lua Cheia - Jurerê', 'Praia - em frente ao Acqua Plage', 'Na areai, final da Rua das Algas. ', 'Divisa entre Jurerê Internacional e Tradicional', '2017-07-08 20:00:00', 1, 0, '', 'https://www.google.com.br/maps/place/Acqua+Plage+Jurer%C3%AA+Internacional/@-27.43804,-48.4937891,15z/data=!4m2!3m1!1s0x0:0x578ad7276c392e90?sa=X&ved=0ahUKEwiM5ZaRleHUAhVB4SYKHTS7ChwQ_BIIjAEwDg', 1),
(738, 'Meditação da Lua Cheia - Jurerê', 'Praia - em frente ao Acqua Plage', 'Na areai, final da Rua das Algas. ', 'Divisa entre Jurerê Internacional e Tradicional', '2017-08-07 20:00:00', 1, 0, '', 'https://www.google.com.br/maps/place/Acqua+Plage+Jurer%C3%AA+Internacional/@-27.43804,-48.4937891,15z/data=!4m2!3m1!1s0x0:0x578ad7276c392e90?sa=X&ved=0ahUKEwiM5ZaRleHUAhVB4SYKHTS7ChwQ_BIIjAEwDg', 1),
(739, 'Meditação da Lua Cheia - Jurerê', 'Praia - em frente ao Acqua Plage', 'Na areai, final da Rua das Algas. ', 'Divisa entre Jurerê Internacional e Tradicional', '2017-09-05 20:00:00', 1, 0, '', 'https://www.google.com.br/maps/place/Acqua+Plage+Jurer%C3%AA+Internacional/@-27.43804,-48.4937891,15z/data=!4m2!3m1!1s0x0:0x578ad7276c392e90?sa=X&ved=0ahUKEwiM5ZaRleHUAhVB4SYKHTS7ChwQ_BIIjAEwDg', 1),
(740, 'Meditação da Lua Cheia - Jurerê', 'Praia - em frente ao Acqua Plage', 'Na areai, final da Rua das Algas. ', 'Divisa entre Jurerê Internacional e Tradicional', '2017-10-05 20:00:00', 1, 0, '', 'https://www.google.com.br/maps/place/Acqua+Plage+Jurer%C3%AA+Internacional/@-27.43804,-48.4937891,15z/data=!4m2!3m1!1s0x0:0x578ad7276c392e90?sa=X&ved=0ahUKEwiM5ZaRleHUAhVB4SYKHTS7ChwQ_BIIjAEwDg', 1),
(741, 'Meditação da Lua Cheia - Jurerê', 'Praia - em frente ao Acqua Plage', 'Na areai, final da Rua das Algas. ', 'Divisa entre Jurerê Internacional e Tradicional', '2017-11-03 20:00:00', 1, 0, '', 'https://www.google.com.br/maps/place/Acqua+Plage+Jurer%C3%AA+Internacional/@-27.43804,-48.4937891,15z/data=!4m2!3m1!1s0x0:0x578ad7276c392e90?sa=X&ved=0ahUKEwiM5ZaRleHUAhVB4SYKHTS7ChwQ_BIIjAEwDg', 1),
(742, 'Meditação da Lua Cheia - Jurerê', 'Praia - em frente ao Acqua Plage', 'Na areai, final da Rua das Algas. ', 'Divisa entre Jurerê Internacional e Tradicional', '2017-12-03 20:00:00', 1, 0, '', 'https://www.google.com.br/maps/place/Acqua+Plage+Jurer%C3%AA+Internacional/@-27.43804,-48.4937891,15z/data=!4m2!3m1!1s0x0:0x578ad7276c392e90?sa=X&ved=0ahUKEwiM5ZaRleHUAhVB4SYKHTS7ChwQ_BIIjAEwDg', 1),
(743, 'Curso - Sahaj Samadhi', 'Sede da Arte de Viver Florianópolis', 'Rua Patricio Farias, 75 - sala 405 - Itacorubi', 'Sex 19h30-22h; Sab/Dom 10h-12h;', '2017-08-25 19:30:00', 1, 0, 'http://www.artedeviver.org.br/atividadedetalhe.php?codturma=5588', 'https://www.google.com.br/maps/place/R.+Patr%C3%ADcio+Farias,+75+-+Itacorubi,+Florian%C3%B3polis+-+SC/@-27.5747904,-48.5123493,17z/data=!3m1!4b1!4m5!3m4!1s0x9527388d15010217:0x136d43db65c68783!8m2!3d-27.5747904!4d-48.5101606', 2),
(744, 'Satsang!', 'Sede', 'Rua Patricio Farias, 75 - sala 405 - Itacorubi', '20h - 22h', '2017-08-17 20:00:00', 1, 1, '', 'https://www.google.com.br/maps/place/R.+Patr%C3%ADcio+Farias,+75+-+Itacorubi,+Florian%C3%B3polis+-+SC/@-27.5747904,-48.5123493,17z/data=!3m1!4b1!4m5!3m4!1s0x9527388d15010217:0x136d43db65c68783!8m2!3d-27.5747904!4d-48.5101606', 4),
(745, 'Satsang!', 'Sede', 'Rua Patricio Farias, 75 - sala 405 - Itacorubi', '20h - 22h', '2017-08-24 20:00:00', 1, 1, '', 'https://www.google.com.br/maps/place/R.+Patr%C3%ADcio+Farias,+75+-+Itacorubi,+Florian%C3%B3polis+-+SC/@-27.5747904,-48.5123493,17z/data=!3m1!4b1!4m5!3m4!1s0x9527388d15010217:0x136d43db65c68783!8m2!3d-27.5747904!4d-48.5101606', 4),
(746, 'Satsang!', 'Sede', 'Rua Patricio Farias, 75 - sala 405 - Itacorubi', '20h - 22h', '2017-08-31 20:00:00', 1, 1, '', 'https://www.google.com.br/maps/place/R.+Patr%C3%ADcio+Farias,+75+-+Itacorubi,+Florian%C3%B3polis+-+SC/@-27.5747904,-48.5123493,17z/data=!3m1!4b1!4m5!3m4!1s0x9527388d15010217:0x136d43db65c68783!8m2!3d-27.5747904!4d-48.5101606', 4),
(747, 'Satsang!', 'Sede', 'Rua Patricio Farias, 75 - sala 405 - Itacorubi', '20h - 22h', '2017-09-07 20:00:00', 1, 1, '', 'https://www.google.com.br/maps/place/R.+Patr%C3%ADcio+Farias,+75+-+Itacorubi,+Florian%C3%B3polis+-+SC/@-27.5747904,-48.5123493,17z/data=!3m1!4b1!4m5!3m4!1s0x9527388d15010217:0x136d43db65c68783!8m2!3d-27.5747904!4d-48.5101606', 4),
(748, 'Satsang!', 'Sede', 'Rua Patricio Farias, 75 - sala 405 - Itacorubi', '20h - 22h', '2017-09-14 20:00:00', 1, 1, '', 'https://www.google.com.br/maps/place/R.+Patr%C3%ADcio+Farias,+75+-+Itacorubi,+Florian%C3%B3polis+-+SC/@-27.5747904,-48.5123493,17z/data=!3m1!4b1!4m5!3m4!1s0x9527388d15010217:0x136d43db65c68783!8m2!3d-27.5747904!4d-48.5101606', 4),
(749, 'Satsang!', 'Sede', 'Rua Patricio Farias, 75 - sala 405 - Itacorubi', '20h - 22h', '2017-08-10 20:00:00', 1, 1, '', 'https://www.google.com.br/maps/place/R.+Patr%C3%ADcio+Farias,+75+-+Itacorubi,+Florian%C3%B3polis+-+SC/@-27.5747904,-48.5123493,17z/data=!3m1!4b1!4m5!3m4!1s0x9527388d15010217:0x136d43db65c68783!8m2!3d-27.5747904!4d-48.5101606', 4),
(750, 'Satsang!', 'Sede', 'Rua Patricio Farias, 75 - sala 405 - Itacorubi', '20h - 22h', '2017-09-21 20:00:00', 1, 1, '', 'https://www.google.com.br/maps/place/R.+Patr%C3%ADcio+Farias,+75+-+Itacorubi,+Florian%C3%B3polis+-+SC/@-27.5747904,-48.5123493,17z/data=!3m1!4b1!4m5!3m4!1s0x9527388d15010217:0x136d43db65c68783!8m2!3d-27.5747904!4d-48.5101606', 4),
(751, 'Satsang!', 'Sede', 'Rua Patricio Farias, 75 - sala 405 - Itacorubi', '20h - 22h', '2017-09-28 20:00:00', 1, 1, '', 'https://www.google.com.br/maps/place/R.+Patr%C3%ADcio+Farias,+75+-+Itacorubi,+Florian%C3%B3polis+-+SC/@-27.5747904,-48.5123493,17z/data=!3m1!4b1!4m5!3m4!1s0x9527388d15010217:0x136d43db65c68783!8m2!3d-27.5747904!4d-48.5101606', 4),
(752, 'Satsang!', 'Sede', 'Rua Patricio Farias, 75 - sala 405 - Itacorubi', '20h - 22h', '2017-10-05 20:00:00', 1, 1, '', 'https://www.google.com.br/maps/place/R.+Patr%C3%ADcio+Farias,+75+-+Itacorubi,+Florian%C3%B3polis+-+SC/@-27.5747904,-48.5123493,17z/data=!3m1!4b1!4m5!3m4!1s0x9527388d15010217:0x136d43db65c68783!8m2!3d-27.5747904!4d-48.5101606', 4),
(753, 'Satsang!', 'Sede', 'Rua Patricio Farias, 75 - sala 405 - Itacorubi', '20h - 22h', '2017-10-12 20:00:00', 1, 1, '', 'https://www.google.com.br/maps/place/R.+Patr%C3%ADcio+Farias,+75+-+Itacorubi,+Florian%C3%B3polis+-+SC/@-27.5747904,-48.5123493,17z/data=!3m1!4b1!4m5!3m4!1s0x9527388d15010217:0x136d43db65c68783!8m2!3d-27.5747904!4d-48.5101606', 4),
(754, 'Satsang!', 'Sede', 'Rua Patricio Farias, 75 - sala 405 - Itacorubi', '20h - 22h', '2017-10-19 20:00:00', 1, 1, '', 'https://www.google.com.br/maps/place/R.+Patr%C3%ADcio+Farias,+75+-+Itacorubi,+Florian%C3%B3polis+-+SC/@-27.5747904,-48.5123493,17z/data=!3m1!4b1!4m5!3m4!1s0x9527388d15010217:0x136d43db65c68783!8m2!3d-27.5747904!4d-48.5101606', 4),
(755, 'Satsang!', 'Sede', 'Rua Patricio Farias, 75 - sala 405 - Itacorubi', '20h - 22h', '2017-10-26 20:00:00', 1, 1, '', 'https://www.google.com.br/maps/place/R.+Patr%C3%ADcio+Farias,+75+-+Itacorubi,+Florian%C3%B3polis+-+SC/@-27.5747904,-48.5123493,17z/data=!3m1!4b1!4m5!3m4!1s0x9527388d15010217:0x136d43db65c68783!8m2!3d-27.5747904!4d-48.5101606', 4),
(756, 'Satsang!', 'Sede', 'Rua Patricio Farias, 75 - sala 405 - Itacorubi', '20h - 22h', '2017-11-02 20:00:00', 1, 1, '', 'https://www.google.com.br/maps/place/R.+Patr%C3%ADcio+Farias,+75+-+Itacorubi,+Florian%C3%B3polis+-+SC/@-27.5747904,-48.5123493,17z/data=!3m1!4b1!4m5!3m4!1s0x9527388d15010217:0x136d43db65c68783!8m2!3d-27.5747904!4d-48.5101606', 4),
(757, 'Satsang!', 'Sede', 'Rua Patricio Farias, 75 - sala 405 - Itacorubi', '20h - 22h', '2017-11-09 20:00:00', 1, 1, '', 'https://www.google.com.br/maps/place/R.+Patr%C3%ADcio+Farias,+75+-+Itacorubi,+Florian%C3%B3polis+-+SC/@-27.5747904,-48.5123493,17z/data=!3m1!4b1!4m5!3m4!1s0x9527388d15010217:0x136d43db65c68783!8m2!3d-27.5747904!4d-48.5101606', 4),
(758, 'Satsang!', 'Sede', 'Rua Patricio Farias, 75 - sala 405 - Itacorubi', '20h - 22h', '2017-11-16 20:00:00', 1, 1, '', 'https://www.google.com.br/maps/place/R.+Patr%C3%ADcio+Farias,+75+-+Itacorubi,+Florian%C3%B3polis+-+SC/@-27.5747904,-48.5123493,17z/data=!3m1!4b1!4m5!3m4!1s0x9527388d15010217:0x136d43db65c68783!8m2!3d-27.5747904!4d-48.5101606', 4),
(759, 'Satsang!', 'Sede', 'Rua Patricio Farias, 75 - sala 405 - Itacorubi', '20h - 22h', '2017-11-23 20:00:00', 1, 1, '', 'https://www.google.com.br/maps/place/R.+Patr%C3%ADcio+Farias,+75+-+Itacorubi,+Florian%C3%B3polis+-+SC/@-27.5747904,-48.5123493,17z/data=!3m1!4b1!4m5!3m4!1s0x9527388d15010217:0x136d43db65c68783!8m2!3d-27.5747904!4d-48.5101606', 4),
(760, 'Satsang!', 'Sede', 'Rua Patricio Farias, 75 - sala 405 - Itacorubi', '20h - 22h', '2017-11-30 20:00:00', 1, 1, '', 'https://www.google.com.br/maps/place/R.+Patr%C3%ADcio+Farias,+75+-+Itacorubi,+Florian%C3%B3polis+-+SC/@-27.5747904,-48.5123493,17z/data=!3m1!4b1!4m5!3m4!1s0x9527388d15010217:0x136d43db65c68783!8m2!3d-27.5747904!4d-48.5101606', 4),
(761, 'Satsang!', 'Sede', 'Rua Patricio Farias, 75 - sala 405 - Itacorubi', '20h - 22h', '2017-12-07 20:00:00', 1, 1, '', 'https://www.google.com.br/maps/place/R.+Patr%C3%ADcio+Farias,+75+-+Itacorubi,+Florian%C3%B3polis+-+SC/@-27.5747904,-48.5123493,17z/data=!3m1!4b1!4m5!3m4!1s0x9527388d15010217:0x136d43db65c68783!8m2!3d-27.5747904!4d-48.5101606', 4),
(762, 'Satsang!', 'Sede', 'Rua Patricio Farias, 75 - sala 405 - Itacorubi', '20h - 22h', '2017-12-14 20:00:00', 1, 1, '', 'https://www.google.com.br/maps/place/R.+Patr%C3%ADcio+Farias,+75+-+Itacorubi,+Florian%C3%B3polis+-+SC/@-27.5747904,-48.5123493,17z/data=!3m1!4b1!4m5!3m4!1s0x9527388d15010217:0x136d43db65c68783!8m2!3d-27.5747904!4d-48.5101606', 4),
(763, 'Satsang!', 'Sede', 'Rua Patricio Farias, 75 - sala 405 - Itacorubi', '20h - 22h', '2017-12-21 20:00:00', 1, 1, '', 'https://www.google.com.br/maps/place/R.+Patr%C3%ADcio+Farias,+75+-+Itacorubi,+Florian%C3%B3polis+-+SC/@-27.5747904,-48.5123493,17z/data=!3m1!4b1!4m5!3m4!1s0x9527388d15010217:0x136d43db65c68783!8m2!3d-27.5747904!4d-48.5101606', 4),
(764, 'Satsang!', 'Sede', 'Rua Patricio Farias, 75 - sala 405 - Itacorubi', '20h - 22h', '2017-12-28 20:00:00', 1, 1, '', 'https://www.google.com.br/maps/place/R.+Patr%C3%ADcio+Farias,+75+-+Itacorubi,+Florian%C3%B3polis+-+SC/@-27.5747904,-48.5123493,17z/data=!3m1!4b1!4m5!3m4!1s0x9527388d15010217:0x136d43db65c68783!8m2!3d-27.5747904!4d-48.5101606', 4),
(801, 'Meditação da Beira Mar', 'Praça Sesquicentenario  da Beira Mar ', 'Av. Beira Mar Norte, 3368-3660', 'Gramado atrás da estação de tratamento da CASAN', '2018-03-11 10:00:00', 1, 0, '', 'https://www.google.com.br/maps/place/Pra%C3%A7a+Sesquicentenario+-+Centro,+Florian%C3%B3polis/@-27.5858957,-48.5509405,17.71z/data=!4m12!1m6!3m5!1s0x0:0x90dff3559993b212!2sArte+de+Viver+-+Florian%C3%B3polis!8m2!3d-27.5750102!4d-48.5101993!3m4!1s0x0:0x239b', 1),
(767, 'Satsang!', 'Centro de Paz e Felicidade - Florianópolis!', 'R. Patrício Farias, 55 - sala 405 - Itacorubi', '', '2018-03-11 18:00:00', 1, 1, '', 'https://www.google.com.br/maps/place/Arte+de+Viver+-+Florian%C3%B3polis/@-27.5750102,-48.5101993,15z/data=!4m5!3m4!1s0x0:0x90dff3559993b212!8m2!3d-27.5750102!4d-48.5101993', 4),
(768, 'Satsang!', 'Centro de Paz e Felicidade - Florianópolis!', 'R. Patrício Farias, 55 - sala 405 - Itacorubi', '', '2018-03-18 18:00:00', 1, 1, '', 'https://www.google.com.br/maps/place/Arte+de+Viver+-+Florian%C3%B3polis/@-27.5750102,-48.5101993,15z/data=!4m5!3m4!1s0x0:0x90dff3559993b212!8m2!3d-27.5750102!4d-48.5101993', 4),
(769, 'Satsang!', 'Centro de Paz e Felicidade - Florianópolis!', 'R. Patrício Farias, 55 - sala 405 - Itacorubi', '', '2018-03-25 18:00:00', 1, 1, '', 'https://www.google.com.br/maps/place/Arte+de+Viver+-+Florian%C3%B3polis/@-27.5750102,-48.5101993,15z/data=!4m5!3m4!1s0x0:0x90dff3559993b212!8m2!3d-27.5750102!4d-48.5101993', 4),
(770, 'Satsang!', 'Centro de Paz e Felicidade - Florianópolis!', 'R. Patrício Farias, 55 - sala 405 - Itacorubi', '', '2018-04-01 18:00:00', 1, 1, '', 'https://www.google.com.br/maps/place/Arte+de+Viver+-+Florian%C3%B3polis/@-27.5750102,-48.5101993,15z/data=!4m5!3m4!1s0x0:0x90dff3559993b212!8m2!3d-27.5750102!4d-48.5101993', 4),
(771, 'Satsang!', 'Centro de Paz e Felicidade - Florianópolis!', 'R. Patrício Farias, 55 - sala 405 - Itacorubi', '', '2018-04-08 18:00:00', 1, 1, '', 'https://www.google.com.br/maps/place/Arte+de+Viver+-+Florian%C3%B3polis/@-27.5750102,-48.5101993,15z/data=!4m5!3m4!1s0x0:0x90dff3559993b212!8m2!3d-27.5750102!4d-48.5101993', 4),
(772, 'Satsang!', 'Centro de Paz e Felicidade - Florianópolis!', 'R. Patrício Farias, 55 - sala 405 - Itacorubi', '', '2018-04-15 18:00:00', 1, 1, '', 'https://www.google.com.br/maps/place/Arte+de+Viver+-+Florian%C3%B3polis/@-27.5750102,-48.5101993,15z/data=!4m5!3m4!1s0x0:0x90dff3559993b212!8m2!3d-27.5750102!4d-48.5101993', 4),
(773, 'Satsang!', 'Centro de Paz e Felicidade - Florianópolis!', 'R. Patrício Farias, 55 - sala 405 - Itacorubi', '', '2018-04-22 18:00:00', 1, 1, '', 'https://www.google.com.br/maps/place/Arte+de+Viver+-+Florian%C3%B3polis/@-27.5750102,-48.5101993,15z/data=!4m5!3m4!1s0x0:0x90dff3559993b212!8m2!3d-27.5750102!4d-48.5101993', 4),
(774, 'Satsang!', 'Centro de Paz e Felicidade - Florianópolis!', 'R. Patrício Farias, 55 - sala 405 - Itacorubi', '', '2018-04-29 18:00:00', 1, 1, '', 'https://www.google.com.br/maps/place/Arte+de+Viver+-+Florian%C3%B3polis/@-27.5750102,-48.5101993,15z/data=!4m5!3m4!1s0x0:0x90dff3559993b212!8m2!3d-27.5750102!4d-48.5101993', 4),
(775, 'Satsang!', 'Centro de Paz e Felicidade - Florianópolis!', 'R. Patrício Farias, 55 - sala 405 - Itacorubi', '', '2018-05-06 18:00:00', 1, 1, '', 'https://www.google.com.br/maps/place/Arte+de+Viver+-+Florian%C3%B3polis/@-27.5750102,-48.5101993,15z/data=!4m5!3m4!1s0x0:0x90dff3559993b212!8m2!3d-27.5750102!4d-48.5101993', 4),
(776, 'Satsang!', 'Centro de Paz e Felicidade - Florianópolis!', 'R. Patrício Farias, 55 - sala 405 - Itacorubi', '', '2018-05-13 18:00:00', 1, 1, '', 'https://www.google.com.br/maps/place/Arte+de+Viver+-+Florian%C3%B3polis/@-27.5750102,-48.5101993,15z/data=!4m5!3m4!1s0x0:0x90dff3559993b212!8m2!3d-27.5750102!4d-48.5101993', 4),
(777, 'Satsang!', 'Centro de Paz e Felicidade - Florianópolis!', 'R. Patrício Farias, 55 - sala 405 - Itacorubi', '', '2018-05-20 18:00:00', 1, 1, '', 'https://www.google.com.br/maps/place/Arte+de+Viver+-+Florian%C3%B3polis/@-27.5750102,-48.5101993,15z/data=!4m5!3m4!1s0x0:0x90dff3559993b212!8m2!3d-27.5750102!4d-48.5101993', 4),
(778, 'Satsang!', 'Centro de Paz e Felicidade - Florianópolis!', 'R. Patrício Farias, 55 - sala 405 - Itacorubi', '', '2018-05-27 18:00:00', 1, 1, '', 'https://www.google.com.br/maps/place/Arte+de+Viver+-+Florian%C3%B3polis/@-27.5750102,-48.5101993,15z/data=!4m5!3m4!1s0x0:0x90dff3559993b212!8m2!3d-27.5750102!4d-48.5101993', 4),
(779, 'Satsang!', 'Centro de Paz e Felicidade - Florianópolis!', 'R. Patrício Farias, 55 - sala 405 - Itacorubi', '', '2018-06-03 18:00:00', 1, 1, '', 'https://www.google.com.br/maps/place/Arte+de+Viver+-+Florian%C3%B3polis/@-27.5750102,-48.5101993,15z/data=!4m5!3m4!1s0x0:0x90dff3559993b212!8m2!3d-27.5750102!4d-48.5101993', 4),
(780, 'Satsang!', 'Centro de Paz e Felicidade - Florianópolis!', 'R. Patrício Farias, 55 - sala 405 - Itacorubi', '', '2018-06-24 18:00:00', 1, 1, '', 'https://www.google.com.br/maps/place/Arte+de+Viver+-+Florian%C3%B3polis/@-27.5750102,-48.5101993,15z/data=!4m5!3m4!1s0x0:0x90dff3559993b212!8m2!3d-27.5750102!4d-48.5101993', 4),
(781, 'Satsang!', 'Centro de Paz e Felicidade - Florianópolis!', 'R. Patrício Farias, 55 - sala 405 - Itacorubi', '', '2018-06-10 18:00:00', 1, 1, '', 'https://www.google.com.br/maps/place/Arte+de+Viver+-+Florian%C3%B3polis/@-27.5750102,-48.5101993,15z/data=!4m5!3m4!1s0x0:0x90dff3559993b212!8m2!3d-27.5750102!4d-48.5101993', 4),
(782, 'Satsang!', 'Centro de Paz e Felicidade - Florianópolis!', 'R. Patrício Farias, 55 - sala 405 - Itacorubi', '', '2018-06-17 18:00:00', 1, 1, '', 'https://www.google.com.br/maps/place/Arte+de+Viver+-+Florian%C3%B3polis/@-27.5750102,-48.5101993,15z/data=!4m5!3m4!1s0x0:0x90dff3559993b212!8m2!3d-27.5750102!4d-48.5101993', 4),
(783, 'Satsang!', 'Centro de Paz e Felicidade - Florianópolis!', 'R. Patrício Farias, 55 - sala 405 - Itacorubi', '', '2018-07-01 18:00:00', 1, 1, '', 'https://www.google.com.br/maps/place/Arte+de+Viver+-+Florian%C3%B3polis/@-27.5750102,-48.5101993,15z/data=!4m5!3m4!1s0x0:0x90dff3559993b212!8m2!3d-27.5750102!4d-48.5101993', 4),
(784, 'Kriya Longo!', 'Centro de Paz e Felicidade - Florianópolis!', 'R. Patrício Farias, 55 - sala 405 - Itacorubi', '', '2018-03-08 07:00:00', 1, 1, '', 'https://www.google.com.br/maps/place/Arte+de+Viver+-+Florian%C3%B3polis/@-27.5750102,-48.5101993,15z/data=!4m5!3m4!1s0x0:0x90dff3559993b212!8m2!3d-27.5750102!4d-48.5101993', 4),
(785, 'Kriya Longo!', 'Centro de Paz e Felicidade - Florianópolis!', 'R. Patrício Farias, 55 - sala 405 - Itacorubi', '', '2018-03-15 07:00:00', 1, 1, '', 'https://www.google.com.br/maps/place/Arte+de+Viver+-+Florian%C3%B3polis/@-27.5750102,-48.5101993,15z/data=!4m5!3m4!1s0x0:0x90dff3559993b212!8m2!3d-27.5750102!4d-48.5101993', 4),
(786, 'Kriya Longo!', 'Centro de Paz e Felicidade - Florianópolis!', 'R. Patrício Farias, 55 - sala 405 - Itacorubi', '', '2018-03-22 07:00:00', 1, 1, '', 'https://www.google.com.br/maps/place/Arte+de+Viver+-+Florian%C3%B3polis/@-27.5750102,-48.5101993,15z/data=!4m5!3m4!1s0x0:0x90dff3559993b212!8m2!3d-27.5750102!4d-48.5101993', 4),
(787, 'Kriya Longo!', 'Centro de Paz e Felicidade - Florianópolis!', 'R. Patrício Farias, 55 - sala 405 - Itacorubi', '', '2018-03-29 07:00:00', 1, 1, '', 'https://www.google.com.br/maps/place/Arte+de+Viver+-+Florian%C3%B3polis/@-27.5750102,-48.5101993,15z/data=!4m5!3m4!1s0x0:0x90dff3559993b212!8m2!3d-27.5750102!4d-48.5101993', 4),
(788, 'Kriya Longo!', 'Centro de Paz e Felicidade - Florianópolis!', 'R. Patrício Farias, 55 - sala 405 - Itacorubi', '', '2018-04-05 07:00:00', 1, 1, '', 'https://www.google.com.br/maps/place/Arte+de+Viver+-+Florian%C3%B3polis/@-27.5750102,-48.5101993,15z/data=!4m5!3m4!1s0x0:0x90dff3559993b212!8m2!3d-27.5750102!4d-48.5101993', 4),
(789, 'Kriya Longo!', 'Centro de Paz e Felicidade - Florianópolis!', 'R. Patrício Farias, 55 - sala 405 - Itacorubi', '', '2018-04-12 07:00:00', 1, 1, '', 'https://www.google.com.br/maps/place/Arte+de+Viver+-+Florian%C3%B3polis/@-27.5750102,-48.5101993,15z/data=!4m5!3m4!1s0x0:0x90dff3559993b212!8m2!3d-27.5750102!4d-48.5101993', 4),
(790, 'Kriya Longo!', 'Centro de Paz e Felicidade - Florianópolis!', 'R. Patrício Farias, 55 - sala 405 - Itacorubi', '', '2018-04-19 07:00:00', 1, 1, '', 'https://www.google.com.br/maps/place/Arte+de+Viver+-+Florian%C3%B3polis/@-27.5750102,-48.5101993,15z/data=!4m5!3m4!1s0x0:0x90dff3559993b212!8m2!3d-27.5750102!4d-48.5101993', 4),
(791, 'Kriya Longo!', 'Centro de Paz e Felicidade - Florianópolis!', 'R. Patrício Farias, 55 - sala 405 - Itacorubi', '', '2018-04-26 07:00:00', 1, 1, '', 'https://www.google.com.br/maps/place/Arte+de+Viver+-+Florian%C3%B3polis/@-27.5750102,-48.5101993,15z/data=!4m5!3m4!1s0x0:0x90dff3559993b212!8m2!3d-27.5750102!4d-48.5101993', 4),
(792, 'Kriya Longo!', 'Centro de Paz e Felicidade - Florianópolis!', 'R. Patrício Farias, 55 - sala 405 - Itacorubi', '', '2018-05-03 07:00:00', 1, 1, '', 'https://www.google.com.br/maps/place/Arte+de+Viver+-+Florian%C3%B3polis/@-27.5750102,-48.5101993,15z/data=!4m5!3m4!1s0x0:0x90dff3559993b212!8m2!3d-27.5750102!4d-48.5101993', 4),
(793, 'Kriya Longo!', 'Centro de Paz e Felicidade - Florianópolis!', 'R. Patrício Farias, 55 - sala 405 - Itacorubi', '', '2018-05-10 07:00:00', 1, 1, '', 'https://www.google.com.br/maps/place/Arte+de+Viver+-+Florian%C3%B3polis/@-27.5750102,-48.5101993,15z/data=!4m5!3m4!1s0x0:0x90dff3559993b212!8m2!3d-27.5750102!4d-48.5101993', 4),
(794, 'Kriya Longo!', 'Centro de Paz e Felicidade - Florianópolis!', 'R. Patrício Farias, 55 - sala 405 - Itacorubi', '', '2018-05-17 07:00:00', 1, 1, '', 'https://www.google.com.br/maps/place/Arte+de+Viver+-+Florian%C3%B3polis/@-27.5750102,-48.5101993,15z/data=!4m5!3m4!1s0x0:0x90dff3559993b212!8m2!3d-27.5750102!4d-48.5101993', 4),
(795, 'Kriya Longo!', 'Centro de Paz e Felicidade - Florianópolis!', 'R. Patrício Farias, 55 - sala 405 - Itacorubi', '', '2018-05-24 07:00:00', 1, 1, '', 'https://www.google.com.br/maps/place/Arte+de+Viver+-+Florian%C3%B3polis/@-27.5750102,-48.5101993,15z/data=!4m5!3m4!1s0x0:0x90dff3559993b212!8m2!3d-27.5750102!4d-48.5101993', 4),
(796, 'Kriya Longo!', 'Centro de Paz e Felicidade - Florianópolis!', 'R. Patrício Farias, 55 - sala 405 - Itacorubi', '', '2018-05-31 07:00:00', 1, 1, '', 'https://www.google.com.br/maps/place/Arte+de+Viver+-+Florian%C3%B3polis/@-27.5750102,-48.5101993,15z/data=!4m5!3m4!1s0x0:0x90dff3559993b212!8m2!3d-27.5750102!4d-48.5101993', 4),
(797, 'Kriya Longo!', 'Centro de Paz e Felicidade - Florianópolis!', 'R. Patrício Farias, 55 - sala 405 - Itacorubi', '', '2018-06-07 07:00:00', 1, 1, '', 'https://www.google.com.br/maps/place/Arte+de+Viver+-+Florian%C3%B3polis/@-27.5750102,-48.5101993,15z/data=!4m5!3m4!1s0x0:0x90dff3559993b212!8m2!3d-27.5750102!4d-48.5101993', 4),
(798, 'Kriya Longo!', 'Centro de Paz e Felicidade - Florianópolis!', 'R. Patrício Farias, 55 - sala 405 - Itacorubi', '', '2018-06-14 07:00:00', 1, 1, '', 'https://www.google.com.br/maps/place/Arte+de+Viver+-+Florian%C3%B3polis/@-27.5750102,-48.5101993,15z/data=!4m5!3m4!1s0x0:0x90dff3559993b212!8m2!3d-27.5750102!4d-48.5101993', 4),
(799, 'Kriya Longo!', 'Centro de Paz e Felicidade - Florianópolis!', 'R. Patrício Farias, 55 - sala 405 - Itacorubi', '', '2018-06-21 07:00:00', 1, 1, '', 'https://www.google.com.br/maps/place/Arte+de+Viver+-+Florian%C3%B3polis/@-27.5750102,-48.5101993,15z/data=!4m5!3m4!1s0x0:0x90dff3559993b212!8m2!3d-27.5750102!4d-48.5101993', 4),
(800, 'Kriya Longo!', 'Centro de Paz e Felicidade - Florianópolis!', 'R. Patrício Farias, 55 - sala 405 - Itacorubi', '', '2018-06-28 07:00:00', 1, 1, '', 'https://www.google.com.br/maps/place/Arte+de+Viver+-+Florian%C3%B3polis/@-27.5750102,-48.5101993,15z/data=!4m5!3m4!1s0x0:0x90dff3559993b212!8m2!3d-27.5750102!4d-48.5101993', 4),
(802, 'Meditação da Beira Mar', 'Praça Sesquicentenario  da Beira Mar ', 'Av. Beira Mar Norte, 3368-3660', 'Gramado atrás da estação de tratamento da CASAN', '2018-03-18 10:00:00', 1, 0, '', 'https://www.google.com.br/maps/place/Pra%C3%A7a+Sesquicentenario+-+Centro,+Florian%C3%B3polis/@-27.5858957,-48.5509405,17.71z/data=!4m12!1m6!3m5!1s0x0:0x90dff3559993b212!2sArte+de+Viver+-+Florian%C3%B3polis!8m2!3d-27.5750102!4d-48.5101993!3m4!1s0x0:0x239b', 1),
(803, 'Meditação da Beira Mar', 'Praça Sesquicentenario  da Beira Mar ', 'Av. Beira Mar Norte, 3368-3660', 'Gramado atrás da estação de tratamento da CASAN', '2018-03-25 10:00:00', 1, 0, '', 'https://www.google.com.br/maps/place/Pra%C3%A7a+Sesquicentenario+-+Centro,+Florian%C3%B3polis/@-27.5858957,-48.5509405,17.71z/data=!4m12!1m6!3m5!1s0x0:0x90dff3559993b212!2sArte+de+Viver+-+Florian%C3%B3polis!8m2!3d-27.5750102!4d-48.5101993!3m4!1s0x0:0x239b', 1),
(804, 'Meditação da Beira Mar', 'Praça Sesquicentenario  da Beira Mar ', 'Av. Beira Mar Norte, 3368-3660', 'Gramado atrás da estação de tratamento da CASAN', '2018-04-01 10:00:00', 1, 0, '', 'https://www.google.com.br/maps/place/Pra%C3%A7a+Sesquicentenario+-+Centro,+Florian%C3%B3polis/@-27.5858957,-48.5509405,17.71z/data=!4m12!1m6!3m5!1s0x0:0x90dff3559993b212!2sArte+de+Viver+-+Florian%C3%B3polis!8m2!3d-27.5750102!4d-48.5101993!3m4!1s0x0:0x239b', 1),
(805, 'Meditação da Beira Mar', 'Praça Sesquicentenario  da Beira Mar ', 'Av. Beira Mar Norte, 3368-3660', 'Gramado atrás da estação de tratamento da CASAN', '2018-04-08 10:00:00', 1, 0, '', 'https://www.google.com.br/maps/place/Pra%C3%A7a+Sesquicentenario+-+Centro,+Florian%C3%B3polis/@-27.5858957,-48.5509405,17.71z/data=!4m12!1m6!3m5!1s0x0:0x90dff3559993b212!2sArte+de+Viver+-+Florian%C3%B3polis!8m2!3d-27.5750102!4d-48.5101993!3m4!1s0x0:0x239b', 1),
(806, 'Meditação da Beira Mar', 'Praça Sesquicentenario  da Beira Mar ', 'Av. Beira Mar Norte, 3368-3660', 'Gramado atrás da estação de tratamento da CASAN', '2018-04-15 10:00:00', 1, 0, '', 'https://www.google.com.br/maps/place/Pra%C3%A7a+Sesquicentenario+-+Centro,+Florian%C3%B3polis/@-27.5858957,-48.5509405,17.71z/data=!4m12!1m6!3m5!1s0x0:0x90dff3559993b212!2sArte+de+Viver+-+Florian%C3%B3polis!8m2!3d-27.5750102!4d-48.5101993!3m4!1s0x0:0x239b', 1),
(807, 'Meditação da Beira Mar', 'Praça Sesquicentenario  da Beira Mar ', 'Av. Beira Mar Norte, 3368-3660', 'Gramado atrás da estação de tratamento da CASAN', '2018-04-22 10:00:00', 1, 0, '', 'https://www.google.com.br/maps/place/Pra%C3%A7a+Sesquicentenario+-+Centro,+Florian%C3%B3polis/@-27.5858957,-48.5509405,17.71z/data=!4m12!1m6!3m5!1s0x0:0x90dff3559993b212!2sArte+de+Viver+-+Florian%C3%B3polis!8m2!3d-27.5750102!4d-48.5101993!3m4!1s0x0:0x239b', 1),
(808, 'Meditação da Beira Mar', 'Praça Sesquicentenario  da Beira Mar ', 'Av. Beira Mar Norte, 3368-3660', 'Gramado atrás da estação de tratamento da CASAN', '2018-04-29 10:00:00', 1, 0, '', 'https://www.google.com.br/maps/place/Pra%C3%A7a+Sesquicentenario+-+Centro,+Florian%C3%B3polis/@-27.5858957,-48.5509405,17.71z/data=!4m12!1m6!3m5!1s0x0:0x90dff3559993b212!2sArte+de+Viver+-+Florian%C3%B3polis!8m2!3d-27.5750102!4d-48.5101993!3m4!1s0x0:0x239b', 1),
(809, 'Meditação da Beira Mar', 'Praça Sesquicentenario  da Beira Mar ', 'Av. Beira Mar Norte, 3368-3660', 'Gramado atrás da estação de tratamento da CASAN', '2018-05-06 10:00:00', 1, 0, '', 'https://www.google.com.br/maps/place/Pra%C3%A7a+Sesquicentenario+-+Centro,+Florian%C3%B3polis/@-27.5858957,-48.5509405,17.71z/data=!4m12!1m6!3m5!1s0x0:0x90dff3559993b212!2sArte+de+Viver+-+Florian%C3%B3polis!8m2!3d-27.5750102!4d-48.5101993!3m4!1s0x0:0x239b', 1),
(810, 'Meditação da Beira Mar', 'Praça Sesquicentenario  da Beira Mar ', 'Av. Beira Mar Norte, 3368-3660', 'Gramado atrás da estação de tratamento da CASAN', '2018-05-13 10:00:00', 1, 0, '', 'https://www.google.com.br/maps/place/Pra%C3%A7a+Sesquicentenario+-+Centro,+Florian%C3%B3polis/@-27.5858957,-48.5509405,17.71z/data=!4m12!1m6!3m5!1s0x0:0x90dff3559993b212!2sArte+de+Viver+-+Florian%C3%B3polis!8m2!3d-27.5750102!4d-48.5101993!3m4!1s0x0:0x239b', 1),
(811, 'Meditação da Beira Mar', 'Praça Sesquicentenario  da Beira Mar ', 'Av. Beira Mar Norte, 3368-3660', 'Gramado atrás da estação de tratamento da CASAN', '2018-05-20 10:00:00', 1, 0, '', 'https://www.google.com.br/maps/place/Pra%C3%A7a+Sesquicentenario+-+Centro,+Florian%C3%B3polis/@-27.5858957,-48.5509405,17.71z/data=!4m12!1m6!3m5!1s0x0:0x90dff3559993b212!2sArte+de+Viver+-+Florian%C3%B3polis!8m2!3d-27.5750102!4d-48.5101993!3m4!1s0x0:0x239b', 1),
(812, 'Meditação da Beira Mar', 'Praça Sesquicentenario  da Beira Mar ', 'Av. Beira Mar Norte, 3368-3660', 'Gramado atrás da estação de tratamento da CASAN', '2018-05-27 10:00:00', 1, 0, '', 'https://www.google.com.br/maps/place/Pra%C3%A7a+Sesquicentenario+-+Centro,+Florian%C3%B3polis/@-27.5858957,-48.5509405,17.71z/data=!4m12!1m6!3m5!1s0x0:0x90dff3559993b212!2sArte+de+Viver+-+Florian%C3%B3polis!8m2!3d-27.5750102!4d-48.5101993!3m4!1s0x0:0x239b', 1),
(813, 'Meditação da Beira Mar', 'Praça Sesquicentenario  da Beira Mar ', 'Av. Beira Mar Norte, 3368-3660', 'Gramado atrás da estação de tratamento da CASAN', '2018-06-03 10:00:00', 1, 0, '', 'https://www.google.com.br/maps/place/Pra%C3%A7a+Sesquicentenario+-+Centro,+Florian%C3%B3polis/@-27.5858957,-48.5509405,17.71z/data=!4m12!1m6!3m5!1s0x0:0x90dff3559993b212!2sArte+de+Viver+-+Florian%C3%B3polis!8m2!3d-27.5750102!4d-48.5101993!3m4!1s0x0:0x239b', 1),
(814, 'Meditação da Beira Mar', 'Praça Sesquicentenario  da Beira Mar ', 'Av. Beira Mar Norte, 3368-3660', 'Gramado atrás da estação de tratamento da CASAN', '2018-06-10 10:00:00', 1, 0, '', 'https://www.google.com.br/maps/place/Pra%C3%A7a+Sesquicentenario+-+Centro,+Florian%C3%B3polis/@-27.5858957,-48.5509405,17.71z/data=!4m12!1m6!3m5!1s0x0:0x90dff3559993b212!2sArte+de+Viver+-+Florian%C3%B3polis!8m2!3d-27.5750102!4d-48.5101993!3m4!1s0x0:0x239b', 1),
(815, 'Meditação da Beira Mar', 'Praça Sesquicentenario  da Beira Mar ', 'Av. Beira Mar Norte, 3368-3660', 'Gramado atrás da estação de tratamento da CASAN', '2018-06-17 10:00:00', 1, 0, '', 'https://www.google.com.br/maps/place/Pra%C3%A7a+Sesquicentenario+-+Centro,+Florian%C3%B3polis/@-27.5858957,-48.5509405,17.71z/data=!4m12!1m6!3m5!1s0x0:0x90dff3559993b212!2sArte+de+Viver+-+Florian%C3%B3polis!8m2!3d-27.5750102!4d-48.5101993!3m4!1s0x0:0x239b', 1),
(816, 'Meditação da Beira Mar', 'Praça Sesquicentenario  da Beira Mar ', 'Av. Beira Mar Norte, 3368-3660', 'Gramado atrás da estação de tratamento da CASAN', '2018-06-24 10:00:00', 1, 0, '', 'https://www.google.com.br/maps/place/Pra%C3%A7a+Sesquicentenario+-+Centro,+Florian%C3%B3polis/@-27.5858957,-48.5509405,17.71z/data=!4m12!1m6!3m5!1s0x0:0x90dff3559993b212!2sArte+de+Viver+-+Florian%C3%B3polis!8m2!3d-27.5750102!4d-48.5101993!3m4!1s0x0:0x239b', 1),
(817, 'Curso - Vídeos de Conhecimento - Ashtavakra Gita Módulo 1', 'Centro de Paz e Felicidade - Florianópolis!', 'R. Patrício Farias, 55 - sala 405 - Itacorubi', 'Início 19/03 Término: 16/04 - Segundas às 20h', '2018-03-19 20:00:00', 1, 1, 'http://www.artedeviverbrasil.org.br/atividadedetalhe.php?codturma=8585', 'https://www.google.com.br/maps/place/Arte+de+Viver+-+Florian%C3%B3polis/@-27.5750102,-48.5101993,15z/data=!4m5!3m4!1s0x0:0x90dff3559993b212!8m2!3d-27.5750102!4d-48.5101993', 2),
(818, 'Curso Arte de Viver - Happiness Program', 'Centro de Paz e Felicidade - Florianópolis!', 'R. Patrício Farias, 55 - sala 405 - Itacorubi', 'Início: 06/04/2018 Término: 08/04/2018 -  Horário: Sexta das 19h30 às 22h30; Sábado e domingo das 10h às 13h', '2018-04-06 19:30:00', 1, 1, 'http://www.artedeviverbrasil.org.br/atividadedetalhe.php?codturma=8556', 'https://www.google.com.br/maps/place/Arte+de+Viver+-+Florian%C3%B3polis/@-27.5750102,-48.5101993,15z/data=!4m5!3m4!1s0x0:0x90dff3559993b212!8m2!3d-27.5750102!4d-48.5101993', 2),
(819, 'Curso Arte de Viver - Happiness Program', 'Centro de Paz e Felicidade - Florianópolis!', 'R. Patrício Farias, 55 - sala 405 - Itacorubi', 'Início: 06/04/2018 Término: 08/04/2018 -  Horário: Sexta das 19h30 às 22h30; Sábado e domingo das 10h às 13h', '2018-04-06 19:30:00', 1, 0, 'http://www.artedeviverbrasil.org.br/atividadedetalhe.php?codturma=8556', 'https://www.google.com.br/maps/place/Arte+de+Viver+-+Florian%C3%B3polis/@-27.5750102,-48.5101993,15z/data=!4m5!3m4!1s0x0:0x90dff3559993b212!8m2!3d-27.5750102!4d-48.5101993', 2),
(820, 'Curso - Vídeos de conhecimento - Patanjali Yoga Sutras Mód. 2', 'Centro de Paz e Felicidade - Florianópolis!', 'R. Patrício Farias, 55 - sala 405 - Itacorubi', 'Início: 05/03/2018 Término: 14/03/2018   Horário: 05, 06, 07, 09 e 12/03 20:00 a 21:30', '2018-03-05 20:00:00', 1, 1, 'http://www.artedeviverbrasil.org.br/atividadedetalhe.php?codturma=8556', 'https://www.google.com.br/maps/place/Arte+de+Viver+-+Florian%C3%B3polis/@-27.5750102,-48.5101993,15z/data=!4m5!3m4!1s0x0:0x90dff3559993b212!8m2!3d-27.5750102!4d-48.5101993', 2),
(821, 'Curso - Sri Sri Yoga', 'Centro de Paz e Felicidade - Florianópolis!', 'R. Patrício Farias, 55 - sala 405 - Itacorubi', 'Início: 14/03/2018 Término: 18/03/2018   Horário: Quarta à sexta das 19h30 às 22h Sábado e domingo das 10h às 12h30', '2018-03-14 19:30:00', 1, 0, 'http://www.artedeviverbrasil.org.br/atividadedetalhe.php?codturma=8554', 'https://www.google.com.br/maps/place/Arte+de+Viver+-+Florian%C3%B3polis/@-27.5750102,-48.5101993,15z/data=!4m5!3m4!1s0x0:0x90dff3559993b212!8m2!3d-27.5750102!4d-48.5101993', 2),
(822, ' Workshop de Bhajans - Mantras Cantados', 'Centro de Paz e Felicidade - Florianópolis!', 'R. Patrício Farias, 55 - sala 405 - Itacorubi', '', '2018-03-29 20:00:00', 1, 0, 'http://www.artedeviverbrasil.org.br/atividadedetalhe.php?codturma=8589', 'https://www.google.com.br/maps/place/Arte+de+Viver+-+Florian%C3%B3polis/@-27.5750102,-48.5101993,15z/data=!4m5!3m4!1s0x0:0x90dff3559993b212!8m2!3d-27.5750102!4d-48.5101993', 1),
(823, 'Encontro de Meditação Sahaj Samadhi', 'Centro de Paz e Felicidade - Florianópolis!', 'R. Patrício Farias, 55 - sala 405 - Itacorubi', '', '2018-03-20 20:00:00', 1, 1, '', 'https://www.google.com.br/maps/place/Arte+de+Viver+-+Florian%C3%B3polis/@-27.5750102,-48.5101993,15z/data=!4m5!3m4!1s0x0:0x90dff3559993b212!8m2!3d-27.5750102!4d-48.5101993', 4),
(824, ' Sessão Introdutória Gratuida', 'Centro de Paz e Felicidade - Florianópolis!', 'R. Patrício Farias, 55 - sala 405 - Itacorubi', '', '2018-03-21 20:00:00', 1, 0, 'http://www.artedeviverbrasil.org.br/atividadedetalhe.php?codturma=8587', 'https://www.google.com.br/maps/place/Arte+de+Viver+-+Florian%C3%B3polis/@-27.5750102,-48.5101993,15z/data=!4m5!3m4!1s0x0:0x90dff3559993b212!8m2!3d-27.5750102!4d-48.5101993', 3),
(825, ' Sessão Introdutória Gratuida', 'Centro de Paz e Felicidade - Florianópolis!', 'R. Patrício Farias, 55 - sala 405 - Itacorubi', '', '2018-03-28 20:00:00', 1, 0, 'http://www.artedeviverbrasil.org.br/atividadedetalhe.php?codturma=8587', 'https://www.google.com.br/maps/place/Arte+de+Viver+-+Florian%C3%B3polis/@-27.5750102,-48.5101993,15z/data=!4m5!3m4!1s0x0:0x90dff3559993b212!8m2!3d-27.5750102!4d-48.5101993', 3),
(826, 'Medição da Lua Cheia', 'Praça Sesquicentenario da Beira Mar ', 'Av. Beira Mar Norte, 3368-3660', '', '2018-04-01 20:00:00', 1, 0, '', 'https://www.google.com.br/maps/place/Pra%C3%A7a+Sesquicentenario+-+Centro,+Florian%C3%B3polis/@-27.5858957,-48.5509405,17.71z/data=!4m12!1m6!3m5!1s0x0:0x90dff3559993b212!2sArte+de+Viver+-+Florian%C3%B3polis!8m2!3d-27.5750102!4d-48.5101993!3m4!1s0x0:0x239b', 1),
(827, 'Medição da Lua Cheia', 'Praça Sesquicentenario da Beira Mar ', 'Av. Beira Mar Norte, 3368-3660', '', '2018-04-30 20:00:00', 1, 0, '', 'https://www.google.com.br/maps/place/Pra%C3%A7a+Sesquicentenario+-+Centro,+Florian%C3%B3polis/@-27.5858957,-48.5509405,17.71z/data=!4m12!1m6!3m5!1s0x0:0x90dff3559993b212!2sArte+de+Viver+-+Florian%C3%B3polis!8m2!3d-27.5750102!4d-48.5101993!3m4!1s0x0:0x239b', 1);
INSERT INTO `eventos` (`id`, `nome`, `local`, `endereco`, `observacao`, `data`, `id_cidade`, `privado`, `link`, `map`, `id_tipo_evento`) VALUES
(828, 'Medição da Lua Cheia', 'Praça Sesquicentenario da Beira Mar ', 'Av. Beira Mar Norte, 3368-3660', '', '2018-05-29 20:00:00', 1, 0, '', 'https://www.google.com.br/maps/place/Pra%C3%A7a+Sesquicentenario+-+Centro,+Florian%C3%B3polis/@-27.5858957,-48.5509405,17.71z/data=!4m12!1m6!3m5!1s0x0:0x90dff3559993b212!2sArte+de+Viver+-+Florian%C3%B3polis!8m2!3d-27.5750102!4d-48.5101993!3m4!1s0x0:0x239b', 1),
(829, 'Medição da Lua Cheia', 'Praça Sesquicentenario da Beira Mar ', 'Av. Beira Mar Norte, 3368-3660', '', '2018-06-28 20:00:00', 1, 0, '', 'https://www.google.com.br/maps/place/Pra%C3%A7a+Sesquicentenario+-+Centro,+Florian%C3%B3polis/@-27.5858957,-48.5509405,17.71z/data=!4m12!1m6!3m5!1s0x0:0x90dff3559993b212!2sArte+de+Viver+-+Florian%C3%B3polis!8m2!3d-27.5750102!4d-48.5101993!3m4!1s0x0:0x239b', 1),
(830, 'Medição da Lua Cheia', 'Praça Sesquicentenario da Beira Mar ', 'Av. Beira Mar Norte, 3368-3660', '', '2018-07-27 20:00:00', 1, 0, '', 'https://www.google.com.br/maps/place/Pra%C3%A7a+Sesquicentenario+-+Centro,+Florian%C3%B3polis/@-27.5858957,-48.5509405,17.71z/data=!4m12!1m6!3m5!1s0x0:0x90dff3559993b212!2sArte+de+Viver+-+Florian%C3%B3polis!8m2!3d-27.5750102!4d-48.5101993!3m4!1s0x0:0x239b', 1),
(831, 'Medição da Lua Cheia', 'Praça Sesquicentenario da Beira Mar ', 'Av. Beira Mar Norte, 3368-3660', '', '2018-08-26 20:00:00', 1, 0, '', 'https://www.google.com.br/maps/place/Pra%C3%A7a+Sesquicentenario+-+Centro,+Florian%C3%B3polis/@-27.5858957,-48.5509405,17.71z/data=!4m12!1m6!3m5!1s0x0:0x90dff3559993b212!2sArte+de+Viver+-+Florian%C3%B3polis!8m2!3d-27.5750102!4d-48.5101993!3m4!1s0x0:0x239b', 1),
(832, 'Medição da Lua Cheia', 'Praça Sesquicentenario da Beira Mar ', 'Av. Beira Mar Norte, 3368-3660', '', '2018-09-24 20:00:00', 1, 0, '', 'https://www.google.com.br/maps/place/Pra%C3%A7a+Sesquicentenario+-+Centro,+Florian%C3%B3polis/@-27.5858957,-48.5509405,17.71z/data=!4m12!1m6!3m5!1s0x0:0x90dff3559993b212!2sArte+de+Viver+-+Florian%C3%B3polis!8m2!3d-27.5750102!4d-48.5101993!3m4!1s0x0:0x239b', 1),
(833, 'Medição da Lua Cheia', 'Praça Sesquicentenario da Beira Mar ', 'Av. Beira Mar Norte, 3368-3660', '', '2018-10-24 20:00:00', 1, 0, '', 'https://www.google.com.br/maps/place/Pra%C3%A7a+Sesquicentenario+-+Centro,+Florian%C3%B3polis/@-27.5858957,-48.5509405,17.71z/data=!4m12!1m6!3m5!1s0x0:0x90dff3559993b212!2sArte+de+Viver+-+Florian%C3%B3polis!8m2!3d-27.5750102!4d-48.5101993!3m4!1s0x0:0x239b', 1),
(834, 'Medição da Lua Cheia', 'Praça Sesquicentenario da Beira Mar ', 'Av. Beira Mar Norte, 3368-3660', '', '2018-11-23 20:00:00', 1, 0, '', 'https://www.google.com.br/maps/place/Pra%C3%A7a+Sesquicentenario+-+Centro,+Florian%C3%B3polis/@-27.5858957,-48.5509405,17.71z/data=!4m12!1m6!3m5!1s0x0:0x90dff3559993b212!2sArte+de+Viver+-+Florian%C3%B3polis!8m2!3d-27.5750102!4d-48.5101993!3m4!1s0x0:0x239b', 1),
(835, 'Medição da Lua Cheia', 'Praça Sesquicentenario da Beira Mar ', 'Av. Beira Mar Norte, 3368-3660', '', '2018-12-22 20:00:00', 1, 0, '', 'https://www.google.com.br/maps/place/Pra%C3%A7a+Sesquicentenario+-+Centro,+Florian%C3%B3polis/@-27.5858957,-48.5509405,17.71z/data=!4m12!1m6!3m5!1s0x0:0x90dff3559993b212!2sArte+de+Viver+-+Florian%C3%B3polis!8m2!3d-27.5750102!4d-48.5101993!3m4!1s0x0:0x239b', 1),
(836, 'Aula de Yoga!', 'Centro de Paz e Felicidade - Florianópolis!', 'R. Patrício Farias, 55 - sala 405 - Itacorubi', '18h: Meditação Guiada;  18h30: Aula de Yoga', '2018-03-13 18:00:00', 1, 0, '', 'https://www.google.com.br/maps/place/Arte+de+Viver+-+Florian%C3%B3polis/@-27.5750102,-48.5101993,15z/data=!4m5!3m4!1s0x0:0x90dff3559993b212!8m2!3d-27.5750102!4d-48.5101993', 1),
(837, 'Aula de Yoga!', 'Centro de Paz e Felicidade - Florianópolis!', 'R. Patrício Farias, 55 - sala 405 - Itacorubi', '18h: Meditação Guiada;  18h30: Aula de Yoga', '2018-03-15 18:00:00', 1, 0, '', 'https://www.google.com.br/maps/place/Arte+de+Viver+-+Florian%C3%B3polis/@-27.5750102,-48.5101993,15z/data=!4m5!3m4!1s0x0:0x90dff3559993b212!8m2!3d-27.5750102!4d-48.5101993', 1),
(838, 'Aula de Yoga!', 'Centro de Paz e Felicidade - Florianópolis!', 'R. Patrício Farias, 55 - sala 405 - Itacorubi', '18h: Meditação Guiada;  18h30: Aula de Yoga', '2018-03-20 18:00:00', 1, 0, '', 'https://www.google.com.br/maps/place/Arte+de+Viver+-+Florian%C3%B3polis/@-27.5750102,-48.5101993,15z/data=!4m5!3m4!1s0x0:0x90dff3559993b212!8m2!3d-27.5750102!4d-48.5101993', 1),
(839, 'Aula de Yoga!', 'Centro de Paz e Felicidade - Florianópolis!', 'R. Patrício Farias, 55 - sala 405 - Itacorubi', '18h: Meditação Guiada;  18h30: Aula de Yoga', '2018-03-22 18:00:00', 1, 0, '', 'https://www.google.com.br/maps/place/Arte+de+Viver+-+Florian%C3%B3polis/@-27.5750102,-48.5101993,15z/data=!4m5!3m4!1s0x0:0x90dff3559993b212!8m2!3d-27.5750102!4d-48.5101993', 1),
(840, 'Aula de Yoga!', 'Centro de Paz e Felicidade - Florianópolis!', 'R. Patrício Farias, 55 - sala 405 - Itacorubi', '18h: Meditação Guiada;  18h30: Aula de Yoga', '2018-03-27 18:00:00', 1, 0, '', 'https://www.google.com.br/maps/place/Arte+de+Viver+-+Florian%C3%B3polis/@-27.5750102,-48.5101993,15z/data=!4m5!3m4!1s0x0:0x90dff3559993b212!8m2!3d-27.5750102!4d-48.5101993', 1),
(841, 'Aula de Yoga!', 'Centro de Paz e Felicidade - Florianópolis!', 'R. Patrício Farias, 55 - sala 405 - Itacorubi', '18h: Meditação Guiada;  18h30: Aula de Yoga', '2018-03-29 18:00:00', 1, 0, '', 'https://www.google.com.br/maps/place/Arte+de+Viver+-+Florian%C3%B3polis/@-27.5750102,-48.5101993,15z/data=!4m5!3m4!1s0x0:0x90dff3559993b212!8m2!3d-27.5750102!4d-48.5101993', 1),
(842, 'Aula de Yoga!', 'Centro de Paz e Felicidade - Florianópolis!', 'R. Patrício Farias, 55 - sala 405 - Itacorubi', '18h: Meditação Guiada;  18h30: Aula de Yoga', '2018-04-03 18:00:00', 1, 0, '', 'https://www.google.com.br/maps/place/Arte+de+Viver+-+Florian%C3%B3polis/@-27.5750102,-48.5101993,15z/data=!4m5!3m4!1s0x0:0x90dff3559993b212!8m2!3d-27.5750102!4d-48.5101993', 1),
(843, 'Aula de Yoga!', 'Centro de Paz e Felicidade - Florianópolis!', 'R. Patrício Farias, 55 - sala 405 - Itacorubi', '18h: Meditação Guiada;  18h30: Aula de Yoga', '2018-04-05 18:00:00', 1, 0, '', 'https://www.google.com.br/maps/place/Arte+de+Viver+-+Florian%C3%B3polis/@-27.5750102,-48.5101993,15z/data=!4m5!3m4!1s0x0:0x90dff3559993b212!8m2!3d-27.5750102!4d-48.5101993', 1),
(844, 'Aula de Yoga!', 'Centro de Paz e Felicidade - Florianópolis!', 'R. Patrício Farias, 55 - sala 405 - Itacorubi', '18h: Meditação Guiada;  18h30: Aula de Yoga', '2018-04-10 18:00:00', 1, 0, '', 'https://www.google.com.br/maps/place/Arte+de+Viver+-+Florian%C3%B3polis/@-27.5750102,-48.5101993,15z/data=!4m5!3m4!1s0x0:0x90dff3559993b212!8m2!3d-27.5750102!4d-48.5101993', 1),
(845, 'Aula de Yoga!', 'Centro de Paz e Felicidade - Florianópolis!', 'R. Patrício Farias, 55 - sala 405 - Itacorubi', '18h: Meditação Guiada;  18h30: Aula de Yoga', '2018-04-12 18:00:00', 1, 0, '', 'https://www.google.com.br/maps/place/Arte+de+Viver+-+Florian%C3%B3polis/@-27.5750102,-48.5101993,15z/data=!4m5!3m4!1s0x0:0x90dff3559993b212!8m2!3d-27.5750102!4d-48.5101993', 1),
(846, 'Aula de Yoga!', 'Centro de Paz e Felicidade - Florianópolis!', 'R. Patrício Farias, 55 - sala 405 - Itacorubi', '18h: Meditação Guiada;  18h30: Aula de Yoga', '2018-04-17 18:00:00', 1, 0, '', 'https://www.google.com.br/maps/place/Arte+de+Viver+-+Florian%C3%B3polis/@-27.5750102,-48.5101993,15z/data=!4m5!3m4!1s0x0:0x90dff3559993b212!8m2!3d-27.5750102!4d-48.5101993', 1),
(847, 'Aula de Yoga!', 'Centro de Paz e Felicidade - Florianópolis!', 'R. Patrício Farias, 55 - sala 405 - Itacorubi', '18h: Meditação Guiada;  18h30: Aula de Yoga', '2018-04-19 18:00:00', 1, 0, '', 'https://www.google.com.br/maps/place/Arte+de+Viver+-+Florian%C3%B3polis/@-27.5750102,-48.5101993,15z/data=!4m5!3m4!1s0x0:0x90dff3559993b212!8m2!3d-27.5750102!4d-48.5101993', 1),
(848, 'Aula de Yoga!', 'Centro de Paz e Felicidade - Florianópolis!', 'R. Patrício Farias, 55 - sala 405 - Itacorubi', '18h: Meditação Guiada;  18h30: Aula de Yoga', '2018-04-24 18:00:00', 1, 0, '', 'https://www.google.com.br/maps/place/Arte+de+Viver+-+Florian%C3%B3polis/@-27.5750102,-48.5101993,15z/data=!4m5!3m4!1s0x0:0x90dff3559993b212!8m2!3d-27.5750102!4d-48.5101993', 1),
(849, 'Aula de Yoga!', 'Centro de Paz e Felicidade - Florianópolis!', 'R. Patrício Farias, 55 - sala 405 - Itacorubi', '18h: Meditação Guiada;  18h30: Aula de Yoga', '2018-04-26 18:00:00', 1, 0, '', 'https://www.google.com.br/maps/place/Arte+de+Viver+-+Florian%C3%B3polis/@-27.5750102,-48.5101993,15z/data=!4m5!3m4!1s0x0:0x90dff3559993b212!8m2!3d-27.5750102!4d-48.5101993', 1),
(850, 'Meditação na UFSC!', 'UFSC - Auditório da Eng. de Produção', 'R. Roberto Sampaio Gonzaga - Trindade', '12h às 13h - Meditação guiada aberta ao público!', '2018-03-14 12:00:00', 1, 0, '', 'https://www.google.com.br/maps/place/EPS%2FUFSC+-+Departamento+de+Engenharia+de+Produ%C3%A7%C3%A3o+e+Sistemas/@-27.6010928,-48.5178995,15z/data=!4m5!3m4!1s0x0:0x2e93a1c961badd26!8m2!3d-27.6010928!4d-48.5178995', 1),
(851, 'Meditação na UFSC!', 'UFSC - Auditório da Eng. de Produção', 'R. Roberto Sampaio Gonzaga - Trindade', '12h às 13h - Meditação guiada aberta ao público!', '2018-03-21 12:00:00', 1, 0, '', 'https://www.google.com.br/maps/place/EPS%2FUFSC+-+Departamento+de+Engenharia+de+Produ%C3%A7%C3%A3o+e+Sistemas/@-27.6010928,-48.5178995,15z/data=!4m5!3m4!1s0x0:0x2e93a1c961badd26!8m2!3d-27.6010928!4d-48.5178995', 1),
(852, 'Meditação na UFSC!', 'UFSC - Auditório da Eng. de Produção', 'R. Roberto Sampaio Gonzaga - Trindade', '12h às 13h - Meditação guiada aberta ao público!', '2018-03-28 12:00:00', 1, 0, '', 'https://www.google.com.br/maps/place/EPS%2FUFSC+-+Departamento+de+Engenharia+de+Produ%C3%A7%C3%A3o+e+Sistemas/@-27.6010928,-48.5178995,15z/data=!4m5!3m4!1s0x0:0x2e93a1c961badd26!8m2!3d-27.6010928!4d-48.5178995', 1),
(853, 'Meditação na UFSC!', 'UFSC - Auditório da Eng. de Produção', 'R. Roberto Sampaio Gonzaga - Trindade', '12h às 13h - Meditação guiada aberta ao público!', '2018-04-04 12:00:00', 1, 0, '', 'https://www.google.com.br/maps/place/EPS%2FUFSC+-+Departamento+de+Engenharia+de+Produ%C3%A7%C3%A3o+e+Sistemas/@-27.6010928,-48.5178995,15z/data=!4m5!3m4!1s0x0:0x2e93a1c961badd26!8m2!3d-27.6010928!4d-48.5178995', 1),
(854, 'Meditação na UFSC!', 'UFSC - Auditório da Eng. de Produção', 'R. Roberto Sampaio Gonzaga - Trindade', '12h às 13h - Meditação guiada aberta ao público!', '2018-04-11 12:00:00', 1, 0, '', 'https://www.google.com.br/maps/place/EPS%2FUFSC+-+Departamento+de+Engenharia+de+Produ%C3%A7%C3%A3o+e+Sistemas/@-27.6010928,-48.5178995,15z/data=!4m5!3m4!1s0x0:0x2e93a1c961badd26!8m2!3d-27.6010928!4d-48.5178995', 1),
(855, 'Meditação na UFSC!', 'UFSC - Auditório da Eng. de Produção', 'R. Roberto Sampaio Gonzaga - Trindade', '12h às 13h - Meditação guiada aberta ao público!', '2018-04-18 12:00:00', 1, 0, '', 'https://www.google.com.br/maps/place/EPS%2FUFSC+-+Departamento+de+Engenharia+de+Produ%C3%A7%C3%A3o+e+Sistemas/@-27.6010928,-48.5178995,15z/data=!4m5!3m4!1s0x0:0x2e93a1c961badd26!8m2!3d-27.6010928!4d-48.5178995', 1),
(856, 'Meditação na UFSC!', 'UFSC - Auditório da Eng. de Produção', 'R. Roberto Sampaio Gonzaga - Trindade', '12h às 13h - Meditação guiada aberta ao público!', '2018-04-25 12:00:00', 1, 0, '', 'https://www.google.com.br/maps/place/EPS%2FUFSC+-+Departamento+de+Engenharia+de+Produ%C3%A7%C3%A3o+e+Sistemas/@-27.6010928,-48.5178995,15z/data=!4m5!3m4!1s0x0:0x2e93a1c961badd26!8m2!3d-27.6010928!4d-48.5178995', 1),
(857, 'Meditação na UFSC!', 'UFSC - Auditório da Eng. de Produção', 'R. Roberto Sampaio Gonzaga - Trindade', '12h às 13h - Meditação guiada aberta ao público!', '2018-05-02 12:00:00', 1, 0, '', 'https://www.google.com.br/maps/place/EPS%2FUFSC+-+Departamento+de+Engenharia+de+Produ%C3%A7%C3%A3o+e+Sistemas/@-27.6010928,-48.5178995,15z/data=!4m5!3m4!1s0x0:0x2e93a1c961badd26!8m2!3d-27.6010928!4d-48.5178995', 1),
(858, 'Meditação na UFSC!', 'UFSC - Auditório da Eng. de Produção', 'R. Roberto Sampaio Gonzaga - Trindade', '12h às 13h - Meditação guiada aberta ao público!', '2018-05-09 12:00:00', 1, 0, '', 'https://www.google.com.br/maps/place/EPS%2FUFSC+-+Departamento+de+Engenharia+de+Produ%C3%A7%C3%A3o+e+Sistemas/@-27.6010928,-48.5178995,15z/data=!4m5!3m4!1s0x0:0x2e93a1c961badd26!8m2!3d-27.6010928!4d-48.5178995', 1),
(859, 'Meditação na UFSC!', 'UFSC - Auditório da Eng. de Produção', 'R. Roberto Sampaio Gonzaga - Trindade', '12h às 13h - Meditação guiada aberta ao público!', '2018-05-16 12:00:00', 1, 0, '', 'https://www.google.com.br/maps/place/EPS%2FUFSC+-+Departamento+de+Engenharia+de+Produ%C3%A7%C3%A3o+e+Sistemas/@-27.6010928,-48.5178995,15z/data=!4m5!3m4!1s0x0:0x2e93a1c961badd26!8m2!3d-27.6010928!4d-48.5178995', 1),
(860, 'Meditação na UFSC!', 'UFSC - Auditório da Eng. de Produção', 'R. Roberto Sampaio Gonzaga - Trindade', '12h às 13h - Meditação guiada aberta ao público!', '2018-05-23 12:00:00', 1, 0, '', 'https://www.google.com.br/maps/place/EPS%2FUFSC+-+Departamento+de+Engenharia+de+Produ%C3%A7%C3%A3o+e+Sistemas/@-27.6010928,-48.5178995,15z/data=!4m5!3m4!1s0x0:0x2e93a1c961badd26!8m2!3d-27.6010928!4d-48.5178995', 1),
(861, 'Meditação na UFSC!', 'UFSC - Auditório da Eng. de Produção', 'R. Roberto Sampaio Gonzaga - Trindade', '12h às 13h - Meditação guiada aberta ao público!', '2018-05-30 12:00:00', 1, 0, '', 'https://www.google.com.br/maps/place/EPS%2FUFSC+-+Departamento+de+Engenharia+de+Produ%C3%A7%C3%A3o+e+Sistemas/@-27.6010928,-48.5178995,15z/data=!4m5!3m4!1s0x0:0x2e93a1c961badd26!8m2!3d-27.6010928!4d-48.5178995', 1),
(862, 'Medita UDESC!', 'UDESC - Auditório FAED', 'Av. Me. Benvenuta, 2007 - Itacorubi', '12h15 às 12h55 - Meditação guiada aberta ao público!', '2018-03-13 12:15:00', 1, 0, '', 'https://www.google.com.br/maps/place/EPS%2FUFSC+-+Departamento+de+Engenharia+de+Produ%C3%A7%C3%A3o+e+Sistemas/@-27.6010928,-48.5178995,15z/data=!4m5!3m4!1s0x0:0x2e93a1c961badd26!8m2!3d-27.6010928!4d-48.5178995', 1),
(863, 'Medita UDESC!', 'UDESC - Auditório FAED', 'Av. Me. Benvenuta, 2007 - Itacorubi', '12h15 às 12h55 - Meditação guiada aberta ao público!', '2018-03-20 12:15:00', 1, 0, '', 'https://www.google.com.br/maps/place/EPS%2FUFSC+-+Departamento+de+Engenharia+de+Produ%C3%A7%C3%A3o+e+Sistemas/@-27.6010928,-48.5178995,15z/data=!4m5!3m4!1s0x0:0x2e93a1c961badd26!8m2!3d-27.6010928!4d-48.5178995', 1),
(864, 'Medita UDESC!', 'UDESC - Auditório FAED', 'Av. Me. Benvenuta, 2007 - Itacorubi', '12h15 às 12h55 - Meditação guiada aberta ao público!', '2018-03-27 12:15:00', 1, 0, '', 'https://www.google.com.br/maps/place/EPS%2FUFSC+-+Departamento+de+Engenharia+de+Produ%C3%A7%C3%A3o+e+Sistemas/@-27.6010928,-48.5178995,15z/data=!4m5!3m4!1s0x0:0x2e93a1c961badd26!8m2!3d-27.6010928!4d-48.5178995', 1),
(865, 'Medita UDESC!', 'UDESC - Auditório FAED', 'Av. Me. Benvenuta, 2007 - Itacorubi', '12h15 às 12h55 - Meditação guiada aberta ao público!', '2018-04-03 12:15:00', 1, 0, '', 'https://www.google.com.br/maps/place/EPS%2FUFSC+-+Departamento+de+Engenharia+de+Produ%C3%A7%C3%A3o+e+Sistemas/@-27.6010928,-48.5178995,15z/data=!4m5!3m4!1s0x0:0x2e93a1c961badd26!8m2!3d-27.6010928!4d-48.5178995', 1),
(866, 'Medita UDESC!', 'UDESC - Auditório FAED', 'Av. Me. Benvenuta, 2007 - Itacorubi', '12h15 às 12h55 - Meditação guiada aberta ao público!', '2018-04-10 12:15:00', 1, 0, '', 'https://www.google.com.br/maps/place/EPS%2FUFSC+-+Departamento+de+Engenharia+de+Produ%C3%A7%C3%A3o+e+Sistemas/@-27.6010928,-48.5178995,15z/data=!4m5!3m4!1s0x0:0x2e93a1c961badd26!8m2!3d-27.6010928!4d-48.5178995', 1),
(867, 'Medita UDESC!', 'UDESC - Auditório FAED', 'Av. Me. Benvenuta, 2007 - Itacorubi', '12h15 às 12h55 - Meditação guiada aberta ao público!', '2018-04-17 12:15:00', 1, 0, '', 'https://www.google.com.br/maps/place/EPS%2FUFSC+-+Departamento+de+Engenharia+de+Produ%C3%A7%C3%A3o+e+Sistemas/@-27.6010928,-48.5178995,15z/data=!4m5!3m4!1s0x0:0x2e93a1c961badd26!8m2!3d-27.6010928!4d-48.5178995', 1),
(868, 'Medita UDESC!', 'UDESC - Auditório FAED', 'Av. Me. Benvenuta, 2007 - Itacorubi', '12h15 às 12h55 - Meditação guiada aberta ao público!', '2018-04-24 12:15:00', 1, 0, '', 'https://www.google.com.br/maps/place/EPS%2FUFSC+-+Departamento+de+Engenharia+de+Produ%C3%A7%C3%A3o+e+Sistemas/@-27.6010928,-48.5178995,15z/data=!4m5!3m4!1s0x0:0x2e93a1c961badd26!8m2!3d-27.6010928!4d-48.5178995', 1),
(869, 'Medita UDESC!', 'UDESC - Auditório FAED', 'Av. Me. Benvenuta, 2007 - Itacorubi', '12h15 às 12h55 - Meditação guiada aberta ao público!', '2018-05-01 12:15:00', 1, 0, '', 'https://www.google.com.br/maps/place/EPS%2FUFSC+-+Departamento+de+Engenharia+de+Produ%C3%A7%C3%A3o+e+Sistemas/@-27.6010928,-48.5178995,15z/data=!4m5!3m4!1s0x0:0x2e93a1c961badd26!8m2!3d-27.6010928!4d-48.5178995', 1),
(870, 'Medita UDESC!', 'UDESC - Auditório FAED', 'Av. Me. Benvenuta, 2007 - Itacorubi', '12h15 às 12h55 - Meditação guiada aberta ao público!', '2018-05-08 12:15:00', 1, 0, '', 'https://www.google.com.br/maps/place/EPS%2FUFSC+-+Departamento+de+Engenharia+de+Produ%C3%A7%C3%A3o+e+Sistemas/@-27.6010928,-48.5178995,15z/data=!4m5!3m4!1s0x0:0x2e93a1c961badd26!8m2!3d-27.6010928!4d-48.5178995', 1),
(871, 'Medita UDESC!', 'UDESC - Auditório FAED', 'Av. Me. Benvenuta, 2007 - Itacorubi', '12h15 às 12h55 - Meditação guiada aberta ao público!', '2018-05-15 12:15:00', 1, 0, '', 'https://www.google.com.br/maps/place/EPS%2FUFSC+-+Departamento+de+Engenharia+de+Produ%C3%A7%C3%A3o+e+Sistemas/@-27.6010928,-48.5178995,15z/data=!4m5!3m4!1s0x0:0x2e93a1c961badd26!8m2!3d-27.6010928!4d-48.5178995', 1),
(872, 'Medita UDESC!', 'UDESC - Auditório FAED', 'Av. Me. Benvenuta, 2007 - Itacorubi', '12h15 às 12h55 - Meditação guiada aberta ao público!', '2018-05-22 12:15:00', 1, 0, '', 'https://www.google.com.br/maps/place/EPS%2FUFSC+-+Departamento+de+Engenharia+de+Produ%C3%A7%C3%A3o+e+Sistemas/@-27.6010928,-48.5178995,15z/data=!4m5!3m4!1s0x0:0x2e93a1c961badd26!8m2!3d-27.6010928!4d-48.5178995', 1),
(873, 'Medita UDESC!', 'UDESC - Auditório FAED', 'Av. Me. Benvenuta, 2007 - Itacorubi', '12h15 às 12h55 - Meditação guiada aberta ao público!', '2018-05-29 12:15:00', 1, 0, '', 'https://www.google.com.br/maps/place/EPS%2FUFSC+-+Departamento+de+Engenharia+de+Produ%C3%A7%C3%A3o+e+Sistemas/@-27.6010928,-48.5178995,15z/data=!4m5!3m4!1s0x0:0x2e93a1c961badd26!8m2!3d-27.6010928!4d-48.5178995', 1),
(874, 'Medita UDESC!', 'UDESC - Auditório FAED', 'Av. Me. Benvenuta, 2007 - Itacorubi', '12h15 às 12h55 - Meditação guiada aberta ao público!', '2018-06-05 12:15:00', 1, 0, '', 'https://www.google.com.br/maps/place/EPS%2FUFSC+-+Departamento+de+Engenharia+de+Produ%C3%A7%C3%A3o+e+Sistemas/@-27.6010928,-48.5178995,15z/data=!4m5!3m4!1s0x0:0x2e93a1c961badd26!8m2!3d-27.6010928!4d-48.5178995', 1),
(875, 'Trekking com Meditação! Praia de Naufragados', 'Estacionamento (R$ 10) ao lado do ponto final da linha Caieiras da Barra do Sul. ', '', 'Nível fácil pra médio - Levar protetor + Repelente + Água! :D (Tempo estimado total = 4h). Mais infos 048 9 9104 1964', '2018-03-25 09:00:00', 1, 0, '', '', 1),
(876, 'Trekking com Meditação!', 'a definir', '', 'Levar protetor + Repelente + Água! :D', '2018-04-22 08:30:00', 1, 0, '', '', 1),
(877, 'Trekking com Meditação!', 'a definir', '', 'Levar protetor + Repelente + Água! :D', '2018-05-20 08:30:00', 1, 0, '', '', 1),
(878, 'Trekking com Meditação!', 'a definir', '', 'Levar protetor + Repelente + Água! :D', '2018-06-24 08:30:00', 1, 0, '', '', 1),
(879, 'Trekking com Meditação!', 'a definir', '', 'Levar protetor + Repelente + Água! :D', '2018-07-22 08:30:00', 1, 0, '', '', 1),
(880, 'Trekking com Meditação!', 'a definir', '', 'Levar protetor + Repelente + Água! :D', '2018-08-19 08:30:00', 1, 0, '', '', 1),
(881, 'Trekking com Meditação!', 'a definir', '', 'Levar protetor + Repelente + Água! :D', '2018-09-23 08:30:00', 1, 0, '', '', 1),
(882, 'Trekking com Meditação!', 'a definir', '', 'Levar protetor + Repelente + Água! :D', '2018-10-21 08:30:00', 1, 0, '', '', 1),
(883, 'Trekking com Meditação!', 'a definir', '', 'Levar protetor + Repelente + Água! :D', '2018-11-25 08:30:00', 1, 0, '', '', 1),
(884, 'Trekking com Meditação!', 'a definir', '', 'Levar protetor + Repelente + Água! :D', '2018-12-16 08:30:00', 1, 0, '', '', 1),
(885, 'Workshop de Bhajans!!', 'Sede - Itacorubi', '', '20h', '2018-04-05 20:00:00', 1, 0, '', '', 1),
(886, 'Noite de Mantras Cantados com Miguel Brea', 'Centro de Paz e Felicidade - Florianópolis!', 'R. Patrício Farias, 55 - sala 405 - Itacorubi', '19h-22h', '2018-04-28 19:00:00', 1, 0, 'http://www.artedeviverbrasil.org.br/atividadedetalhe.php?codturma=8827', 'https://www.google.com.br/maps/place/Arte+de+Viver+-+Florian%C3%B3polis/@-27.5750102,-48.5101993,15z/data=!4m5!3m4!1s0x0:0x90dff3559993b212!8m2!3d-27.5750102!4d-48.5101993', 1),
(887, 'Workshop: Saúde e Felicidade - encontre seu equilíbrio com Akash Barwal', 'CONFIA', 'Rua Vitória Régia S/N - Córrego Grande ', '19h30-22h30; Dias 8 e 9 de maio', '2018-04-28 19:30:00', 1, 0, 'http://www.artedeviverbrasil.org.br/atividadedetalhe.php?codturma=8768', 'https://www.google.com.br/maps/place/Conselho+Comunit%C3%A1rio+do+Jardim+Anchieta,+C%C3%B3rrego+Grande,+Flor+da+Ilha+e+Jardim+Germ%C3%A2nia/@-27.5967113,-48.5069828,15z/data=!4m2!3m1!1s0x0:0x72d64b9e0f6885b?sa=X&ved=0ahUKEwi_8vWKyrzaAhXIiJAKHWI2A_kQ_BIIfj', 1),
(888, 'Encontro de Sahaj Samadhi', 'Centro de Paz e Felicidade - Florianópolis!', 'Itacorubi', '', '2018-04-18 20:00:00', 1, 1, '', '', 1),
(889, 'Sessão Introdutória ao curso Happiness Program', 'Centro de Paz e Felicidade - Florianópolis!', 'R. Patrício Farias, 55 - sala 405 - Itacorubi', '', '2018-04-24 20:00:00', 1, 0, 'http://www.artedeviverbrasil.org.br/atividadedetalhe.php?codturma=8829', 'https://www.google.com.br/maps/place/Arte+de+Viver+-+Florian%C3%B3polis/@-27.5750102,-48.5101993,15z/data=!4m5!3m4!1s0x0:0x90dff3559993b212!8m2!3d-27.5750102!4d-48.5101993', 1),
(890, 'Satsang', 'Sede Floripa', 'R. Patrício Farias, 55 - sala 405 - Itacorubi', '', '2018-09-30 20:00:00', 1, 1, '', 'https://www.google.com.br/maps/place/Arte+de+Viver+-+Florian%C3%B3polis/@-27.5750102,-48.5101993,15z/data=!4m5!3m4!1s0x0:0x90dff3559993b212!8m2!3d-27.5750102!4d-48.5101993', 4),
(891, 'Aula Experimental', 'Sede Floripa', 'R. Patrício Farias, 55 - sala 405 - Itacorubi', '', '2018-10-02 20:00:00', 1, 0, '', 'https://www.google.com.br/maps/place/Arte+de+Viver+-+Florian%C3%B3polis/@-27.5750102,-48.5101993,15z/data=!4m5!3m4!1s0x0:0x90dff3559993b212!8m2!3d-27.5750102!4d-48.5101993', 3),
(892, 'Aula Experimental', 'Sede Floripa', 'R. Patrício Farias, 55 - sala 405 - Itacorubi', 'Quinta e Sexta feira: 19h30 às 22h30 Sábado: 10h às 13h', '2018-10-04 20:00:00', 1, 1, 'https://www.artedeviver.org.br/atividadedetalhe.php?codturma=9536', 'https://www.google.com.br/maps/place/Arte+de+Viver+-+Florian%C3%B3polis/@-27.5750102,-48.5101993,15z/data=!4m5!3m4!1s0x0:0x90dff3559993b212!8m2!3d-27.5750102!4d-48.5101993', 3),
(895, 'Happiness Program', 'Sede Floripa', 'Rua Patrício de Farias, 55, sala 405 - Itacorubi (mapa)', 'Quinta e Sexta feira: 19h30 às 22h30 Sábado: 10h às 13h', '2018-10-04 19:30:00', 1, 0, 'https://www.artedeviver.org.br/atividadedetalhe.php?codturma=9536', 'https://www.google.com.br/maps/place/Arte+de+Viver+-+Florian%C3%B3polis/@-27.5750102,-48.5101993,15z/data=!4m5!3m4!1s0x0:0x90dff3559993b212!8m2!3d-27.5750102!4d-48.5101993', 2),
(896, 'Satsang!', 'Sede Floripa', 'Rua Patrício Farias, 55, sala 405 - Itacorubi', '', '2018-12-02 19:00:00', 1, 1, '', 'https://www.google.com.br/maps/place/Arte+de+Viver+-+Florian%C3%B3polis/@-27.5750102,-48.5101993,15z/data=!4m2!3m1!1s0x0:0x90dff3559993b212?ved=2ahUKEwiGxMqK1vLeAhXHI5AKHfjsBXkQ_BIwCnoECAYQCA', 4),
(897, 'Satsang!', 'Sede Floripa', 'Rua Patrício Farias, 55, sala 405 - Itacorubi', '', '2018-12-09 19:00:00', 1, 1, '', 'https://www.google.com.br/maps/place/Arte+de+Viver+-+Florian%C3%B3polis/@-27.5750102,-48.5101993,15z/data=!4m2!3m1!1s0x0:0x90dff3559993b212?ved=2ahUKEwiGxMqK1vLeAhXHI5AKHfjsBXkQ_BIwCnoECAYQCA', 4),
(898, 'Satsang!', 'Sede Floripa', 'Rua Patrício Farias, 55, sala 405 - Itacorubi', '', '2018-12-16 19:00:00', 1, 1, '', 'https://www.google.com.br/maps/place/Arte+de+Viver+-+Florian%C3%B3polis/@-27.5750102,-48.5101993,15z/data=!4m2!3m1!1s0x0:0x90dff3559993b212?ved=2ahUKEwiGxMqK1vLeAhXHI5AKHfjsBXkQ_BIwCnoECAYQCA', 4),
(899, 'Satsang!', 'Sede Floripa', 'Rua Patrício Farias, 55, sala 405 - Itacorubi', '', '2019-01-06 19:00:00', 1, 1, '', 'https://www.google.com.br/maps/place/Arte+de+Viver+-+Florian%C3%B3polis/@-27.5750102,-48.5101993,15z/data=!4m2!3m1!1s0x0:0x90dff3559993b212?ved=2ahUKEwiGxMqK1vLeAhXHI5AKHfjsBXkQ_BIwCnoECAYQCA', 4),
(900, 'Satsang!', 'Sede Floripa', 'Rua Patrício Farias, 55, sala 405 - Itacorubi', '', '2019-01-13 19:00:00', 1, 1, '', 'https://www.google.com.br/maps/place/Arte+de+Viver+-+Florian%C3%B3polis/@-27.5750102,-48.5101993,15z/data=!4m2!3m1!1s0x0:0x90dff3559993b212?ved=2ahUKEwiGxMqK1vLeAhXHI5AKHfjsBXkQ_BIwCnoECAYQCA', 4),
(901, 'Satsang!', 'Sede Floripa', 'Rua Patrício Farias, 55, sala 405 - Itacorubi', '', '2019-01-20 19:00:00', 1, 1, '', 'https://www.google.com.br/maps/place/Arte+de+Viver+-+Florian%C3%B3polis/@-27.5750102,-48.5101993,15z/data=!4m2!3m1!1s0x0:0x90dff3559993b212?ved=2ahUKEwiGxMqK1vLeAhXHI5AKHfjsBXkQ_BIwCnoECAYQCA', 4),
(902, 'Satsang!', 'Sede Floripa', 'Rua Patrício Farias, 55, sala 405 - Itacorubi', '', '2019-01-27 19:00:00', 1, 1, '', 'https://www.google.com.br/maps/place/Arte+de+Viver+-+Florian%C3%B3polis/@-27.5750102,-48.5101993,15z/data=!4m2!3m1!1s0x0:0x90dff3559993b212?ved=2ahUKEwiGxMqK1vLeAhXHI5AKHfjsBXkQ_BIwCnoECAYQCA', 4),
(903, 'Satsang!', 'Sede Floripa', 'Rua Patrício Farias, 55, sala 405 - Itacorubi', '', '2019-02-03 19:00:00', 1, 1, '', 'https://www.google.com.br/maps/place/Arte+de+Viver+-+Florian%C3%B3polis/@-27.5750102,-48.5101993,15z/data=!4m2!3m1!1s0x0:0x90dff3559993b212?ved=2ahUKEwiGxMqK1vLeAhXHI5AKHfjsBXkQ_BIwCnoECAYQCA', 4),
(904, 'Satsang!', 'Sede Floripa', 'Rua Patrício Farias, 55, sala 405 - Itacorubi', '', '2019-02-10 19:00:00', 1, 1, '', 'https://www.google.com.br/maps/place/Arte+de+Viver+-+Florian%C3%B3polis/@-27.5750102,-48.5101993,15z/data=!4m2!3m1!1s0x0:0x90dff3559993b212?ved=2ahUKEwiGxMqK1vLeAhXHI5AKHfjsBXkQ_BIwCnoECAYQCA', 4),
(905, 'Satsang!', 'Sede Floripa', 'Rua Patrício Farias, 55, sala 405 - Itacorubi', '', '2019-02-17 18:00:00', 1, 1, '', 'https://www.google.com.br/maps/place/Arte+de+Viver+-+Florian%C3%B3polis/@-27.5750102,-48.5101993,15z/data=!4m2!3m1!1s0x0:0x90dff3559993b212?ved=2ahUKEwiGxMqK1vLeAhXHI5AKHfjsBXkQ_BIwCnoECAYQCA', 4),
(906, 'Curso - Happiness Program!', 'Sede Floripa', 'Rua Patrício Farias, 55, sala 405 - Itacorubi', 'Sexta das 19h30 às 22h30 Sábado e domingo das 10h às 13h', '2018-12-14 19:30:00', 1, 0, 'https://www.artedeviver.org.br/atividadedetalhe.php?codturma=9798', 'https://www.google.com.br/maps/place/Arte+de+Viver+-+Florian%C3%B3polis/@-27.5750102,-48.5101993,15z/data=!4m2!3m1!1s0x0:0x90dff3559993b212?ved=2ahUKEwiGxMqK1vLeAhXHI5AKHfjsBXkQ_BIwCnoECAYQCA', 2),
(924, 'Meditação guiada aberta ao público!', 'Praça Sesquicentenario', 'Av. Beira Mar - Evento no gramado atrás da CASAN.', 'No sentido da ponte, estacionamento à direita após Shopping Beira-Mar.', '2018-12-02 10:00:00', 1, 0, '', 'https://www.google.com.br/maps/place/Pra%C3%A7a+Sesquicentenario+-+Centro,+Florian%C3%B3polis,+88010-400/@-27.5852276,-48.5591332,15z/data=!3m1!4b1!4m5!3m4!1s0x9527381a3b9f9db5:0x239bf922044109db!8m2!3d-27.5852283!4d-48.5503784', 1),
(908, 'Trekking com meditação!', 'a definir', '', 'Levar água e protetor solar!', '2018-12-30 08:45:00', 1, 0, '', '', 1),
(909, 'Trekking com meditação!', 'a definir', '', 'Levar água e protetor solar!', '2019-01-20 08:45:00', 1, 0, '', '', 1),
(910, 'Trekking com meditação!', 'Cachoeira Do Jarrão - Palhoça', '', 'Levar água e protetor solar! - Distância: Total em torno de 4 km (ida e volta). Tempo estimado: 5 horas. (Ida e volta/Meditação/lanche/BANHO DE CACHOEIRA/Descanso.', '2019-02-24 08:45:00', 1, 0, 'https://www.facebook.com/events/405276980017038/', 'https://www.google.com/maps/place/Cambirela/@-27.7491783,-48.7142856,13.25z/data=!4m5!3m4!1s0x9527326140a1cb5d:0x84b4efdf23a94c5!8m2!3d-27.7555!4d-48.675', 1),
(911, 'Trekking com meditação!', 'a definir', '', 'Levar água e protetor solar!', '2019-03-24 08:45:00', 1, 0, '', '', 1),
(912, 'Trekking com meditação!', 'a definir', '', 'Levar água e protetor solar!', '2019-04-21 08:45:00', 1, 0, '', '', 1),
(913, 'Trekking com meditação!', 'a definir', '', 'Levar água e protetor solar!', '2019-05-26 08:45:00', 1, 0, '', '', 1),
(914, 'Trekking com meditação!', 'a definir', '', 'Levar água e protetor solar!', '2019-06-23 08:45:00', 1, 0, '', '', 1),
(915, 'Trekking com meditação!', 'a definir', '', 'Levar água e protetor solar!', '2019-07-14 08:45:00', 1, 0, '', '', 1),
(916, 'Trekking com meditação!', 'a definir', '', 'Levar água e protetor solar!', '2019-08-25 08:45:00', 1, 0, '', '', 1),
(917, 'Trekking com meditação!', 'a definir', '', 'Levar água e protetor solar!', '2019-09-22 08:45:00', 1, 0, '', '', 1),
(918, 'Trekking com meditação!', 'a definir', '', 'Levar água e protetor solar!', '2019-10-27 08:45:00', 1, 0, '', '', 1),
(919, 'Trekking com meditação!', 'a definir', '', 'Levar água e protetor solar!', '2019-11-24 08:45:00', 1, 0, '', '', 1),
(920, 'Trekking com meditação!', 'a definir', '', 'Levar água e protetor solar!', '2019-12-29 08:45:00', 1, 0, '', '', 1),
(921, 'Sessão Introdutória Gratuita - Happiness Program', 'Sede Floripa', 'R. Patrício Farias, 55 - sala 405 - Itacorubi', '', '2018-11-27 20:00:00', 1, 0, 'https://www.artedeviver.org.br/atividadedetalhe.php?codturma=9805', 'https://www.google.com.br/maps/place/Arte+de+Viver+-+Florian%C3%B3polis/@-27.5750102,-48.5101993,15z/data=!4m5!3m4!1s0x0:0x90dff3559993b212!8m2!3d-27.5750102!4d-48.5101993', 3),
(922, 'Sessão Introdutória Gratuita - Happiness Program', 'Sede Floripa', 'R. Patrício Farias, 55 - sala 405 - Itacorubi', '', '2018-12-04 20:00:00', 1, 0, 'https://www.artedeviver.org.br/atividadedetalhe.php?codturma=9822', 'https://www.google.com.br/maps/place/Arte+de+Viver+-+Florian%C3%B3polis/@-27.5750102,-48.5101993,15z/data=!4m5!3m4!1s0x0:0x90dff3559993b212!8m2!3d-27.5750102!4d-48.5101993', 3),
(923, 'Sessão Introdutória Gratuita - Happiness Program', 'Sede Floripa', 'R. Patrício Farias, 55 - sala 405 - Itacorubi', '', '2018-12-11 20:00:00', 1, 0, 'https://www.artedeviver.org.br/atividadedetalhe.php?codturma=9823', 'https://www.google.com.br/maps/place/Arte+de+Viver+-+Florian%C3%B3polis/@-27.5750102,-48.5101993,15z/data=!4m5!3m4!1s0x0:0x90dff3559993b212!8m2!3d-27.5750102!4d-48.5101993', 3),
(925, 'Meditação guiada aberta ao público!', 'Praça Sesquicentenario', 'Av. Beira Mar - Evento no gramado atrás da CASAN.', 'No sentido da ponte, estacionamento à direita após Shopping Beira-Mar.', '2018-12-09 10:00:00', 1, 0, '', 'https://www.google.com.br/maps/place/Pra%C3%A7a+Sesquicentenario+-+Centro,+Florian%C3%B3polis,+88010-400/@-27.5852276,-48.5591332,15z/data=!3m1!4b1!4m5!3m4!1s0x9527381a3b9f9db5:0x239bf922044109db!8m2!3d-27.5852283!4d-48.5503784', 1),
(926, 'Meditação guiada aberta ao público!', 'Praça Sesquicentenario', 'Av. Beira Mar - Evento no gramado atrás da CASAN.', 'No sentido da ponte, estacionamento à direita após Shopping Beira-Mar.', '2018-12-16 10:00:00', 1, 0, '', 'https://www.google.com.br/maps/place/Pra%C3%A7a+Sesquicentenario+-+Centro,+Florian%C3%B3polis,+88010-400/@-27.5852276,-48.5591332,15z/data=!3m1!4b1!4m5!3m4!1s0x9527381a3b9f9db5:0x239bf922044109db!8m2!3d-27.5852283!4d-48.5503784', 1),
(927, 'Meditação guiada aberta ao público!', 'Praça Sesquicentenario', 'Av. Beira Mar - Evento no gramado atrás da CASAN.', 'No sentido da ponte, estacionamento à direita após Shopping Beira-Mar.', '2018-12-23 10:00:00', 1, 0, '', 'https://www.google.com.br/maps/place/Pra%C3%A7a+Sesquicentenario+-+Centro,+Florian%C3%B3polis,+88010-400/@-27.5852276,-48.5591332,15z/data=!3m1!4b1!4m5!3m4!1s0x9527381a3b9f9db5:0x239bf922044109db!8m2!3d-27.5852283!4d-48.5503784', 1),
(928, 'Meditação guiada aberta ao público!', 'Praça Sesquicentenario', 'Av. Beira Mar - Evento no gramado atrás da CASAN.', 'No sentido da ponte, estacionamento à direita após Shopping Beira-Mar.', '2018-12-30 10:00:00', 1, 0, '', 'https://www.google.com.br/maps/place/Pra%C3%A7a+Sesquicentenario+-+Centro,+Florian%C3%B3polis,+88010-400/@-27.5852276,-48.5591332,15z/data=!3m1!4b1!4m5!3m4!1s0x9527381a3b9f9db5:0x239bf922044109db!8m2!3d-27.5852283!4d-48.5503784', 1),
(929, 'Meditação guiada aberta ao público!', 'Praça Sesquicentenario', 'Av. Beira Mar - Evento no gramado atrás da CASAN.', 'No sentido da ponte, estacionamento à direita após Shopping Beira-Mar.', '2019-01-06 10:00:00', 1, 0, '', 'https://www.google.com.br/maps/place/Pra%C3%A7a+Sesquicentenario+-+Centro,+Florian%C3%B3polis,+88010-400/@-27.5852276,-48.5591332,15z/data=!3m1!4b1!4m5!3m4!1s0x9527381a3b9f9db5:0x239bf922044109db!8m2!3d-27.5852283!4d-48.5503784', 1),
(930, 'Meditação guiada aberta ao público!', 'Praça Sesquicentenario', 'Av. Beira Mar - Evento no gramado atrás da CASAN.', 'No sentido da ponte, estacionamento à direita após Shopping Beira-Mar.', '2019-01-13 10:00:00', 1, 0, '', 'https://www.google.com.br/maps/place/Pra%C3%A7a+Sesquicentenario+-+Centro,+Florian%C3%B3polis,+88010-400/@-27.5852276,-48.5591332,15z/data=!3m1!4b1!4m5!3m4!1s0x9527381a3b9f9db5:0x239bf922044109db!8m2!3d-27.5852283!4d-48.5503784', 1),
(931, 'Meditação guiada aberta ao público!', 'Praça Sesquicentenario', 'Av. Beira Mar - Evento no gramado atrás da CASAN.', 'No sentido da ponte, estacionamento à direita após Shopping Beira-Mar.', '2019-01-20 10:00:00', 1, 0, '', 'https://www.google.com.br/maps/place/Pra%C3%A7a+Sesquicentenario+-+Centro,+Florian%C3%B3polis,+88010-400/@-27.5852276,-48.5591332,15z/data=!3m1!4b1!4m5!3m4!1s0x9527381a3b9f9db5:0x239bf922044109db!8m2!3d-27.5852283!4d-48.5503784', 1),
(932, 'Meditação guiada aberta ao público!', 'Praça Sesquicentenario', 'Av. Beira Mar - Evento no gramado atrás da CASAN.', 'No sentido da ponte, estacionamento à direita após Shopping Beira-Mar.', '2019-01-27 10:00:00', 1, 0, '', 'https://www.google.com.br/maps/place/Pra%C3%A7a+Sesquicentenario+-+Centro,+Florian%C3%B3polis,+88010-400/@-27.5852276,-48.5591332,15z/data=!3m1!4b1!4m5!3m4!1s0x9527381a3b9f9db5:0x239bf922044109db!8m2!3d-27.5852283!4d-48.5503784', 1),
(933, 'Meditação guiada aberta ao público!', 'Praça Sesquicentenario', 'Av. Beira Mar - Evento no gramado atrás da CASAN.', 'No sentido da ponte, estacionamento à direita após Shopping Beira-Mar.', '2019-02-03 10:00:00', 1, 0, '', 'https://www.google.com.br/maps/place/Pra%C3%A7a+Sesquicentenario+-+Centro,+Florian%C3%B3polis,+88010-400/@-27.5852276,-48.5591332,15z/data=!3m1!4b1!4m5!3m4!1s0x9527381a3b9f9db5:0x239bf922044109db!8m2!3d-27.5852283!4d-48.5503784', 1),
(934, 'Meditação guiada aberta ao público!', 'Praça Sesquicentenario', 'Av. Beira Mar - Evento no gramado atrás da CASAN.', 'No sentido da ponte, estacionamento à direita após Shopping Beira-Mar.', '2019-02-10 10:00:00', 1, 0, '', 'https://www.google.com.br/maps/place/Pra%C3%A7a+Sesquicentenario+-+Centro,+Florian%C3%B3polis,+88010-400/@-27.5852276,-48.5591332,15z/data=!3m1!4b1!4m5!3m4!1s0x9527381a3b9f9db5:0x239bf922044109db!8m2!3d-27.5852283!4d-48.5503784', 1),
(935, 'Meditação guiada aberta ao público!', 'Praça Sesquicentenario', 'Av. Beira Mar - Evento no gramado atrás da CASAN.', 'No sentido da ponte, estacionamento à direita após Shopping Beira-Mar.', '2019-02-17 10:00:00', 1, 0, '', 'https://www.google.com.br/maps/place/Pra%C3%A7a+Sesquicentenario+-+Centro,+Florian%C3%B3polis,+88010-400/@-27.5852276,-48.5591332,15z/data=!3m1!4b1!4m5!3m4!1s0x9527381a3b9f9db5:0x239bf922044109db!8m2!3d-27.5852283!4d-48.5503784', 1),
(936, 'Meditação guiada aberta ao público!', 'Praça Sesquicentenario', 'Av. Beira Mar - Evento no gramado atrás da CASAN.', 'No sentido da ponte, estacionamento à direita após Shopping Beira-Mar.', '2019-02-24 10:00:00', 1, 0, '', 'https://www.google.com.br/maps/place/Pra%C3%A7a+Sesquicentenario+-+Centro,+Florian%C3%B3polis,+88010-400/@-27.5852276,-48.5591332,15z/data=!3m1!4b1!4m5!3m4!1s0x9527381a3b9f9db5:0x239bf922044109db!8m2!3d-27.5852283!4d-48.5503784', 1),
(937, 'Meditação guiada aberta ao público!', 'Praça Sesquicentenario', 'Av. Beira Mar - Evento no gramado atrás da CASAN.', 'No sentido da ponte, estacionamento à direita após Shopping Beira-Mar.', '2019-03-03 10:00:00', 1, 0, '', 'https://www.google.com.br/maps/place/Pra%C3%A7a+Sesquicentenario+-+Centro,+Florian%C3%B3polis,+88010-400/@-27.5852276,-48.5591332,15z/data=!3m1!4b1!4m5!3m4!1s0x9527381a3b9f9db5:0x239bf922044109db!8m2!3d-27.5852283!4d-48.5503784', 1),
(938, 'Meditação guiada aberta ao público!', 'Praça Sesquicentenario', 'Av. Beira Mar - Evento no gramado atrás da CASAN.', 'No sentido da ponte, estacionamento à direita após Shopping Beira-Mar.', '2019-03-10 10:00:00', 1, 0, '', 'https://www.google.com.br/maps/place/Pra%C3%A7a+Sesquicentenario+-+Centro,+Florian%C3%B3polis,+88010-400/@-27.5852276,-48.5591332,15z/data=!3m1!4b1!4m5!3m4!1s0x9527381a3b9f9db5:0x239bf922044109db!8m2!3d-27.5852283!4d-48.5503784', 1),
(939, 'Meditação guiada aberta ao público!', 'Praça Sesquicentenario', 'Av. Beira Mar - Evento no gramado atrás da CASAN.', 'No sentido da ponte, estacionamento à direita após Shopping Beira-Mar.', '2019-03-17 10:00:00', 1, 0, '', 'https://www.google.com.br/maps/place/Pra%C3%A7a+Sesquicentenario+-+Centro,+Florian%C3%B3polis,+88010-400/@-27.5852276,-48.5591332,15z/data=!3m1!4b1!4m5!3m4!1s0x9527381a3b9f9db5:0x239bf922044109db!8m2!3d-27.5852283!4d-48.5503784', 1),
(940, 'Meditação guiada aberta ao público!', 'Praça Sesquicentenario', 'Av. Beira Mar - Evento no gramado atrás da CASAN.', 'No sentido da ponte, estacionamento à direita após Shopping Beira-Mar.', '2019-03-24 10:00:00', 1, 0, '', 'https://www.google.com.br/maps/place/Pra%C3%A7a+Sesquicentenario+-+Centro,+Florian%C3%B3polis,+88010-400/@-27.5852276,-48.5591332,15z/data=!3m1!4b1!4m5!3m4!1s0x9527381a3b9f9db5:0x239bf922044109db!8m2!3d-27.5852283!4d-48.5503784', 1),
(941, 'Meditação guiada aberta ao público!', 'Praça Sesquicentenario', 'Av. Beira Mar - Evento no gramado atrás da CASAN.', 'No sentido da ponte, estacionamento à direita após Shopping Beira-Mar.', '2019-03-31 10:00:00', 1, 0, '', 'https://www.google.com.br/maps/place/Pra%C3%A7a+Sesquicentenario+-+Centro,+Florian%C3%B3polis,+88010-400/@-27.5852276,-48.5591332,15z/data=!3m1!4b1!4m5!3m4!1s0x9527381a3b9f9db5:0x239bf922044109db!8m2!3d-27.5852283!4d-48.5503784', 1),
(942, 'Meditação guiada aberta ao público!', 'Praça Sesquicentenario', 'Av. Beira Mar - Evento no gramado atrás da CASAN.', 'No sentido da ponte, estacionamento à direita após Shopping Beira-Mar.', '2019-04-07 10:00:00', 1, 0, '', 'https://www.google.com.br/maps/place/Pra%C3%A7a+Sesquicentenario+-+Centro,+Florian%C3%B3polis,+88010-400/@-27.5852276,-48.5591332,15z/data=!3m1!4b1!4m5!3m4!1s0x9527381a3b9f9db5:0x239bf922044109db!8m2!3d-27.5852283!4d-48.5503784', 1),
(943, 'Meditação guiada aberta ao público!', 'Praça Sesquicentenario', 'Av. Beira Mar - Evento no gramado atrás da CASAN.', 'No sentido da ponte, estacionamento à direita após Shopping Beira-Mar.', '2019-04-14 10:00:00', 1, 0, '', 'https://www.google.com.br/maps/place/Pra%C3%A7a+Sesquicentenario+-+Centro,+Florian%C3%B3polis,+88010-400/@-27.5852276,-48.5591332,15z/data=!3m1!4b1!4m5!3m4!1s0x9527381a3b9f9db5:0x239bf922044109db!8m2!3d-27.5852283!4d-48.5503784', 1),
(944, 'Meditação guiada aberta ao público!', 'Praça Sesquicentenario', 'Av. Beira Mar - Evento no gramado atrás da CASAN.', 'No sentido da ponte, estacionamento à direita após Shopping Beira-Mar.', '2019-04-21 10:00:00', 1, 0, '', 'https://www.google.com.br/maps/place/Pra%C3%A7a+Sesquicentenario+-+Centro,+Florian%C3%B3polis,+88010-400/@-27.5852276,-48.5591332,15z/data=!3m1!4b1!4m5!3m4!1s0x9527381a3b9f9db5:0x239bf922044109db!8m2!3d-27.5852283!4d-48.5503784', 1),
(945, 'Meditação guiada aberta ao público!', 'Praça Sesquicentenario', 'Av. Beira Mar - Evento no gramado atrás da CASAN.', 'No sentido da ponte, estacionamento à direita após Shopping Beira-Mar.', '2019-04-28 10:00:00', 1, 0, '', 'https://www.google.com.br/maps/place/Pra%C3%A7a+Sesquicentenario+-+Centro,+Florian%C3%B3polis,+88010-400/@-27.5852276,-48.5591332,15z/data=!3m1!4b1!4m5!3m4!1s0x9527381a3b9f9db5:0x239bf922044109db!8m2!3d-27.5852283!4d-48.5503784', 1),
(946, 'Meditação guiada aberta ao público!', 'Praça Sesquicentenario', 'Av. Beira Mar - Evento no gramado atrás da CASAN.', 'No sentido da ponte, estacionamento à direita após Shopping Beira-Mar.', '2019-05-05 10:00:00', 1, 0, '', 'https://www.google.com.br/maps/place/Pra%C3%A7a+Sesquicentenario+-+Centro,+Florian%C3%B3polis,+88010-400/@-27.5852276,-48.5591332,15z/data=!3m1!4b1!4m5!3m4!1s0x9527381a3b9f9db5:0x239bf922044109db!8m2!3d-27.5852283!4d-48.5503784', 1),
(947, 'Meditação guiada aberta ao público!', 'Praça Sesquicentenario', 'Av. Beira Mar - Evento no gramado atrás da CASAN.', 'No sentido da ponte, estacionamento à direita após Shopping Beira-Mar.', '2019-05-12 10:00:00', 1, 0, '', 'https://www.google.com.br/maps/place/Pra%C3%A7a+Sesquicentenario+-+Centro,+Florian%C3%B3polis,+88010-400/@-27.5852276,-48.5591332,15z/data=!3m1!4b1!4m5!3m4!1s0x9527381a3b9f9db5:0x239bf922044109db!8m2!3d-27.5852283!4d-48.5503784', 1),
(948, 'Meditação guiada aberta ao público!', 'Praça Sesquicentenario', 'Av. Beira Mar - Evento no gramado atrás da CASAN.', 'No sentido da ponte, estacionamento à direita após Shopping Beira-Mar.', '2019-05-19 10:00:00', 1, 0, '', 'https://www.google.com.br/maps/place/Pra%C3%A7a+Sesquicentenario+-+Centro,+Florian%C3%B3polis,+88010-400/@-27.5852276,-48.5591332,15z/data=!3m1!4b1!4m5!3m4!1s0x9527381a3b9f9db5:0x239bf922044109db!8m2!3d-27.5852283!4d-48.5503784', 1),
(949, 'Meditação guiada aberta ao público!', 'Praça Sesquicentenario', 'Av. Beira Mar - Evento no gramado atrás da CASAN.', 'No sentido da ponte, estacionamento à direita após Shopping Beira-Mar.', '2019-05-26 10:00:00', 1, 0, '', 'https://www.google.com.br/maps/place/Pra%C3%A7a+Sesquicentenario+-+Centro,+Florian%C3%B3polis,+88010-400/@-27.5852276,-48.5591332,15z/data=!3m1!4b1!4m5!3m4!1s0x9527381a3b9f9db5:0x239bf922044109db!8m2!3d-27.5852283!4d-48.5503784', 1),
(950, 'Meditação guiada aberta ao público!', 'Praça Sesquicentenario', 'Av. Beira Mar - Evento no gramado atrás da CASAN.', 'No sentido da ponte, estacionamento à direita após Shopping Beira-Mar.', '2019-06-02 10:00:00', 1, 0, '', 'https://www.google.com.br/maps/place/Pra%C3%A7a+Sesquicentenario+-+Centro,+Florian%C3%B3polis,+88010-400/@-27.5852276,-48.5591332,15z/data=!3m1!4b1!4m5!3m4!1s0x9527381a3b9f9db5:0x239bf922044109db!8m2!3d-27.5852283!4d-48.5503784', 1),
(951, 'Meditação guiada aberta ao público!', 'Praça Sesquicentenario', 'Av. Beira Mar - Evento no gramado atrás da CASAN.', 'No sentido da ponte, estacionamento à direita após Shopping Beira-Mar.', '2019-06-09 10:00:00', 1, 0, '', 'https://www.google.com.br/maps/place/Pra%C3%A7a+Sesquicentenario+-+Centro,+Florian%C3%B3polis,+88010-400/@-27.5852276,-48.5591332,15z/data=!3m1!4b1!4m5!3m4!1s0x9527381a3b9f9db5:0x239bf922044109db!8m2!3d-27.5852283!4d-48.5503784', 1),
(952, 'Meditação guiada aberta ao público!', 'Praça Sesquicentenario', 'Av. Beira Mar - Evento no gramado atrás da CASAN.', 'No sentido da ponte, estacionamento à direita após Shopping Beira-Mar.', '2019-06-16 10:00:00', 1, 0, '', 'https://www.google.com.br/maps/place/Pra%C3%A7a+Sesquicentenario+-+Centro,+Florian%C3%B3polis,+88010-400/@-27.5852276,-48.5591332,15z/data=!3m1!4b1!4m5!3m4!1s0x9527381a3b9f9db5:0x239bf922044109db!8m2!3d-27.5852283!4d-48.5503784', 1),
(953, 'Meditação guiada aberta ao público!', 'Praça Sesquicentenario', 'Av. Beira Mar - Evento no gramado atrás da CASAN.', 'No sentido da ponte, estacionamento à direita após Shopping Beira-Mar.', '2019-06-23 10:00:00', 1, 0, '', 'https://www.google.com.br/maps/place/Pra%C3%A7a+Sesquicentenario+-+Centro,+Florian%C3%B3polis,+88010-400/@-27.5852276,-48.5591332,15z/data=!3m1!4b1!4m5!3m4!1s0x9527381a3b9f9db5:0x239bf922044109db!8m2!3d-27.5852283!4d-48.5503784', 1),
(954, 'Meditação guiada aberta ao público!', 'Praça Sesquicentenario', 'Av. Beira Mar - Evento no gramado atrás da CASAN.', 'No sentido da ponte, estacionamento à direita após Shopping Beira-Mar.', '2019-06-30 10:00:00', 1, 0, '', 'https://www.google.com.br/maps/place/Pra%C3%A7a+Sesquicentenario+-+Centro,+Florian%C3%B3polis,+88010-400/@-27.5852276,-48.5591332,15z/data=!3m1!4b1!4m5!3m4!1s0x9527381a3b9f9db5:0x239bf922044109db!8m2!3d-27.5852283!4d-48.5503784', 1),
(955, 'Meditação guiada aberta ao público!', 'Praça Sesquicentenario', 'Av. Beira Mar - Evento no gramado atrás da CASAN.', 'No sentido da ponte, estacionamento à direita após Shopping Beira-Mar.', '2019-07-07 10:00:00', 1, 0, '', 'https://www.google.com.br/maps/place/Pra%C3%A7a+Sesquicentenario+-+Centro,+Florian%C3%B3polis,+88010-400/@-27.5852276,-48.5591332,15z/data=!3m1!4b1!4m5!3m4!1s0x9527381a3b9f9db5:0x239bf922044109db!8m2!3d-27.5852283!4d-48.5503784', 1),
(956, 'Meditação guiada aberta ao público!', 'Praça Sesquicentenario', 'Av. Beira Mar - Evento no gramado atrás da CASAN.', 'No sentido da ponte, estacionamento à direita após Shopping Beira-Mar.', '2019-07-14 10:00:00', 1, 0, '', 'https://www.google.com.br/maps/place/Pra%C3%A7a+Sesquicentenario+-+Centro,+Florian%C3%B3polis,+88010-400/@-27.5852276,-48.5591332,15z/data=!3m1!4b1!4m5!3m4!1s0x9527381a3b9f9db5:0x239bf922044109db!8m2!3d-27.5852283!4d-48.5503784', 1),
(957, 'Meditação guiada aberta ao público!', 'Praça Sesquicentenario', 'Av. Beira Mar - Evento no gramado atrás da CASAN.', 'No sentido da ponte, estacionamento à direita após Shopping Beira-Mar.', '2019-07-21 10:00:00', 1, 0, '', 'https://www.google.com.br/maps/place/Pra%C3%A7a+Sesquicentenario+-+Centro,+Florian%C3%B3polis,+88010-400/@-27.5852276,-48.5591332,15z/data=!3m1!4b1!4m5!3m4!1s0x9527381a3b9f9db5:0x239bf922044109db!8m2!3d-27.5852283!4d-48.5503784', 1),
(958, 'Meditação guiada aberta ao público!', 'Praça Sesquicentenario', 'Av. Beira Mar - Evento no gramado atrás da CASAN.', 'No sentido da ponte, estacionamento à direita após Shopping Beira-Mar.', '2019-07-28 10:00:00', 1, 0, '', 'https://www.google.com.br/maps/place/Pra%C3%A7a+Sesquicentenario+-+Centro,+Florian%C3%B3polis,+88010-400/@-27.5852276,-48.5591332,15z/data=!3m1!4b1!4m5!3m4!1s0x9527381a3b9f9db5:0x239bf922044109db!8m2!3d-27.5852283!4d-48.5503784', 1),
(959, 'Meditação guiada aberta ao público!', 'Praça Sesquicentenario', 'Av. Beira Mar - Evento no gramado atrás da CASAN.', 'No sentido da ponte, estacionamento à direita após Shopping Beira-Mar.', '2019-08-04 10:00:00', 1, 0, '', 'https://www.google.com.br/maps/place/Pra%C3%A7a+Sesquicentenario+-+Centro,+Florian%C3%B3polis,+88010-400/@-27.5852276,-48.5591332,15z/data=!3m1!4b1!4m5!3m4!1s0x9527381a3b9f9db5:0x239bf922044109db!8m2!3d-27.5852283!4d-48.5503784', 1),
(960, 'Meditação guiada aberta ao público!', 'Praça Sesquicentenario', 'Av. Beira Mar - Evento no gramado atrás da CASAN.', 'No sentido da ponte, estacionamento à direita após Shopping Beira-Mar.', '2019-08-11 10:00:00', 1, 0, '', 'https://www.google.com.br/maps/place/Pra%C3%A7a+Sesquicentenario+-+Centro,+Florian%C3%B3polis,+88010-400/@-27.5852276,-48.5591332,15z/data=!3m1!4b1!4m5!3m4!1s0x9527381a3b9f9db5:0x239bf922044109db!8m2!3d-27.5852283!4d-48.5503784', 1),
(961, 'Meditação guiada aberta ao público!', 'Praça Sesquicentenario', 'Av. Beira Mar - Evento no gramado atrás da CASAN.', 'No sentido da ponte, estacionamento à direita após Shopping Beira-Mar.', '2019-08-18 10:00:00', 1, 0, '', 'https://www.google.com.br/maps/place/Pra%C3%A7a+Sesquicentenario+-+Centro,+Florian%C3%B3polis,+88010-400/@-27.5852276,-48.5591332,15z/data=!3m1!4b1!4m5!3m4!1s0x9527381a3b9f9db5:0x239bf922044109db!8m2!3d-27.5852283!4d-48.5503784', 1),
(962, 'Meditação guiada aberta ao público!', 'Praça Sesquicentenario', 'Av. Beira Mar - Evento no gramado atrás da CASAN.', 'No sentido da ponte, estacionamento à direita após Shopping Beira-Mar.', '2019-08-25 10:00:00', 1, 0, '', 'https://www.google.com.br/maps/place/Pra%C3%A7a+Sesquicentenario+-+Centro,+Florian%C3%B3polis,+88010-400/@-27.5852276,-48.5591332,15z/data=!3m1!4b1!4m5!3m4!1s0x9527381a3b9f9db5:0x239bf922044109db!8m2!3d-27.5852283!4d-48.5503784', 1),
(963, 'Meditação guiada aberta ao público!', 'Praça Sesquicentenario', 'Av. Beira Mar - Evento no gramado atrás da CASAN.', 'No sentido da ponte, estacionamento à direita após Shopping Beira-Mar.', '2019-09-01 10:00:00', 1, 0, '', 'https://www.google.com.br/maps/place/Pra%C3%A7a+Sesquicentenario+-+Centro,+Florian%C3%B3polis,+88010-400/@-27.5852276,-48.5591332,15z/data=!3m1!4b1!4m5!3m4!1s0x9527381a3b9f9db5:0x239bf922044109db!8m2!3d-27.5852283!4d-48.5503784', 1),
(964, 'Meditação guiada aberta ao público!', 'Praça Sesquicentenario', 'Av. Beira Mar - Evento no gramado atrás da CASAN.', 'No sentido da ponte, estacionamento à direita após Shopping Beira-Mar.', '2019-09-08 10:00:00', 1, 0, '', 'https://www.google.com.br/maps/place/Pra%C3%A7a+Sesquicentenario+-+Centro,+Florian%C3%B3polis,+88010-400/@-27.5852276,-48.5591332,15z/data=!3m1!4b1!4m5!3m4!1s0x9527381a3b9f9db5:0x239bf922044109db!8m2!3d-27.5852283!4d-48.5503784', 1),
(965, 'Meditação guiada aberta ao público!', 'Praça Sesquicentenario', 'Av. Beira Mar - Evento no gramado atrás da CASAN.', 'No sentido da ponte, estacionamento à direita após Shopping Beira-Mar.', '2019-09-15 10:00:00', 1, 0, '', 'https://www.google.com.br/maps/place/Pra%C3%A7a+Sesquicentenario+-+Centro,+Florian%C3%B3polis,+88010-400/@-27.5852276,-48.5591332,15z/data=!3m1!4b1!4m5!3m4!1s0x9527381a3b9f9db5:0x239bf922044109db!8m2!3d-27.5852283!4d-48.5503784', 1),
(966, 'Meditação guiada aberta ao público!', 'Praça Sesquicentenario', 'Av. Beira Mar - Evento no gramado atrás da CASAN.', 'No sentido da ponte, estacionamento à direita após Shopping Beira-Mar.', '2019-09-22 10:00:00', 1, 0, '', 'https://www.google.com.br/maps/place/Pra%C3%A7a+Sesquicentenario+-+Centro,+Florian%C3%B3polis,+88010-400/@-27.5852276,-48.5591332,15z/data=!3m1!4b1!4m5!3m4!1s0x9527381a3b9f9db5:0x239bf922044109db!8m2!3d-27.5852283!4d-48.5503784', 1);
INSERT INTO `eventos` (`id`, `nome`, `local`, `endereco`, `observacao`, `data`, `id_cidade`, `privado`, `link`, `map`, `id_tipo_evento`) VALUES
(967, 'Meditação guiada aberta ao público!', 'Praça Sesquicentenario', 'Av. Beira Mar - Evento no gramado atrás da CASAN.', 'No sentido da ponte, estacionamento à direita após Shopping Beira-Mar.', '2019-09-29 10:00:00', 1, 0, '', 'https://www.google.com.br/maps/place/Pra%C3%A7a+Sesquicentenario+-+Centro,+Florian%C3%B3polis,+88010-400/@-27.5852276,-48.5591332,15z/data=!3m1!4b1!4m5!3m4!1s0x9527381a3b9f9db5:0x239bf922044109db!8m2!3d-27.5852283!4d-48.5503784', 1),
(968, 'Meditação guiada aberta ao público!', 'Praça Sesquicentenario', 'Av. Beira Mar - Evento no gramado atrás da CASAN.', 'No sentido da ponte, estacionamento à direita após Shopping Beira-Mar.', '2019-10-06 10:00:00', 1, 0, '', 'https://www.google.com.br/maps/place/Pra%C3%A7a+Sesquicentenario+-+Centro,+Florian%C3%B3polis,+88010-400/@-27.5852276,-48.5591332,15z/data=!3m1!4b1!4m5!3m4!1s0x9527381a3b9f9db5:0x239bf922044109db!8m2!3d-27.5852283!4d-48.5503784', 1),
(969, 'Meditação guiada aberta ao público!', 'Praça Sesquicentenario', 'Av. Beira Mar - Evento no gramado atrás da CASAN.', 'No sentido da ponte, estacionamento à direita após Shopping Beira-Mar.', '2019-10-13 10:00:00', 1, 0, '', 'https://www.google.com.br/maps/place/Pra%C3%A7a+Sesquicentenario+-+Centro,+Florian%C3%B3polis,+88010-400/@-27.5852276,-48.5591332,15z/data=!3m1!4b1!4m5!3m4!1s0x9527381a3b9f9db5:0x239bf922044109db!8m2!3d-27.5852283!4d-48.5503784', 1),
(970, 'Meditação guiada aberta ao público!', 'Praça Sesquicentenario', 'Av. Beira Mar - Evento no gramado atrás da CASAN.', 'No sentido da ponte, estacionamento à direita após Shopping Beira-Mar.', '2019-10-20 10:00:00', 1, 0, '', 'https://www.google.com.br/maps/place/Pra%C3%A7a+Sesquicentenario+-+Centro,+Florian%C3%B3polis,+88010-400/@-27.5852276,-48.5591332,15z/data=!3m1!4b1!4m5!3m4!1s0x9527381a3b9f9db5:0x239bf922044109db!8m2!3d-27.5852283!4d-48.5503784', 1),
(971, 'Meditação guiada aberta ao público!', 'Praça Sesquicentenario', 'Av. Beira Mar - Evento no gramado atrás da CASAN.', 'No sentido da ponte, estacionamento à direita após Shopping Beira-Mar.', '2019-10-27 10:00:00', 1, 0, '', 'https://www.google.com.br/maps/place/Pra%C3%A7a+Sesquicentenario+-+Centro,+Florian%C3%B3polis,+88010-400/@-27.5852276,-48.5591332,15z/data=!3m1!4b1!4m5!3m4!1s0x9527381a3b9f9db5:0x239bf922044109db!8m2!3d-27.5852283!4d-48.5503784', 1),
(972, 'Meditação guiada aberta ao público!', 'Praça Sesquicentenario', 'Av. Beira Mar - Evento no gramado atrás da CASAN.', 'No sentido da ponte, estacionamento à direita após Shopping Beira-Mar.', '2019-11-03 10:00:00', 1, 0, '', 'https://www.google.com.br/maps/place/Pra%C3%A7a+Sesquicentenario+-+Centro,+Florian%C3%B3polis,+88010-400/@-27.5852276,-48.5591332,15z/data=!3m1!4b1!4m5!3m4!1s0x9527381a3b9f9db5:0x239bf922044109db!8m2!3d-27.5852283!4d-48.5503784', 1),
(973, 'Meditação guiada aberta ao público!', 'Praça Sesquicentenario', 'Av. Beira Mar - Evento no gramado atrás da CASAN.', 'No sentido da ponte, estacionamento à direita após Shopping Beira-Mar.', '2019-11-10 10:00:00', 1, 0, '', 'https://www.google.com.br/maps/place/Pra%C3%A7a+Sesquicentenario+-+Centro,+Florian%C3%B3polis,+88010-400/@-27.5852276,-48.5591332,15z/data=!3m1!4b1!4m5!3m4!1s0x9527381a3b9f9db5:0x239bf922044109db!8m2!3d-27.5852283!4d-48.5503784', 1),
(974, 'Meditação guiada aberta ao público!', 'Praça Sesquicentenario', 'Av. Beira Mar - Evento no gramado atrás da CASAN.', 'No sentido da ponte, estacionamento à direita após Shopping Beira-Mar.', '2019-11-17 10:00:00', 1, 0, '', 'https://www.google.com.br/maps/place/Pra%C3%A7a+Sesquicentenario+-+Centro,+Florian%C3%B3polis,+88010-400/@-27.5852276,-48.5591332,15z/data=!3m1!4b1!4m5!3m4!1s0x9527381a3b9f9db5:0x239bf922044109db!8m2!3d-27.5852283!4d-48.5503784', 1),
(975, 'Meditação guiada aberta ao público!', 'Praça Sesquicentenario', 'Av. Beira Mar - Evento no gramado atrás da CASAN.', 'No sentido da ponte, estacionamento à direita após Shopping Beira-Mar.', '2019-11-24 10:00:00', 1, 0, '', 'https://www.google.com.br/maps/place/Pra%C3%A7a+Sesquicentenario+-+Centro,+Florian%C3%B3polis,+88010-400/@-27.5852276,-48.5591332,15z/data=!3m1!4b1!4m5!3m4!1s0x9527381a3b9f9db5:0x239bf922044109db!8m2!3d-27.5852283!4d-48.5503784', 1),
(976, 'Meditação guiada aberta ao público!', 'Praça Sesquicentenario', 'Av. Beira Mar - Evento no gramado atrás da CASAN.', 'No sentido da ponte, estacionamento à direita após Shopping Beira-Mar.', '2019-12-01 10:00:00', 1, 0, '', 'https://www.google.com.br/maps/place/Pra%C3%A7a+Sesquicentenario+-+Centro,+Florian%C3%B3polis,+88010-400/@-27.5852276,-48.5591332,15z/data=!3m1!4b1!4m5!3m4!1s0x9527381a3b9f9db5:0x239bf922044109db!8m2!3d-27.5852283!4d-48.5503784', 1),
(977, 'Meditação guiada aberta ao público!', 'Praça Sesquicentenario', 'Av. Beira Mar - Evento no gramado atrás da CASAN.', 'No sentido da ponte, estacionamento à direita após Shopping Beira-Mar.', '2019-12-08 10:00:00', 1, 0, '', 'https://www.google.com.br/maps/place/Pra%C3%A7a+Sesquicentenario+-+Centro,+Florian%C3%B3polis,+88010-400/@-27.5852276,-48.5591332,15z/data=!3m1!4b1!4m5!3m4!1s0x9527381a3b9f9db5:0x239bf922044109db!8m2!3d-27.5852283!4d-48.5503784', 1),
(978, 'Meditação guiada aberta ao público!', 'Praça Sesquicentenario', 'Av. Beira Mar - Evento no gramado atrás da CASAN.', 'No sentido da ponte, estacionamento à direita após Shopping Beira-Mar.', '2019-12-15 10:00:00', 1, 0, '', 'https://www.google.com.br/maps/place/Pra%C3%A7a+Sesquicentenario+-+Centro,+Florian%C3%B3polis,+88010-400/@-27.5852276,-48.5591332,15z/data=!3m1!4b1!4m5!3m4!1s0x9527381a3b9f9db5:0x239bf922044109db!8m2!3d-27.5852283!4d-48.5503784', 1),
(979, 'Meditação guiada aberta ao público!', 'Praça Sesquicentenario', 'Av. Beira Mar - Evento no gramado atrás da CASAN.', 'No sentido da ponte, estacionamento à direita após Shopping Beira-Mar.', '2019-12-22 10:00:00', 1, 0, '', 'https://www.google.com.br/maps/place/Pra%C3%A7a+Sesquicentenario+-+Centro,+Florian%C3%B3polis,+88010-400/@-27.5852276,-48.5591332,15z/data=!3m1!4b1!4m5!3m4!1s0x9527381a3b9f9db5:0x239bf922044109db!8m2!3d-27.5852283!4d-48.5503784', 1),
(980, 'Meditação guiada aberta ao público!', 'Praça Sesquicentenario', 'Av. Beira Mar - Evento no gramado atrás da CASAN.', 'No sentido da ponte, estacionamento à direita após Shopping Beira-Mar.', '2019-12-29 10:00:00', 1, 0, '', 'https://www.google.com.br/maps/place/Pra%C3%A7a+Sesquicentenario+-+Centro,+Florian%C3%B3polis,+88010-400/@-27.5852276,-48.5591332,15z/data=!3m1!4b1!4m5!3m4!1s0x9527381a3b9f9db5:0x239bf922044109db!8m2!3d-27.5852283!4d-48.5503784', 1),
(981, 'UFSC - Meditação Guiada', 'Auditório - CTC - Eng. de Produção', '', '', '2018-11-28 12:00:00', 1, 0, '', 'https://www.google.com.br/maps/place/Engenharia+de+Produ%C3%A7%C3%A3o/@-27.6004021,-48.5167817,16z/data=!4m5!3m4!1s0x0:0x2345a9d0ebdba625!8m2!3d-27.6010486!4d-48.5177902', 1),
(983, 'UFSC - Meditação Guiada', 'Auditório - CTC - Eng. de Produção', '', '', '2018-12-12 12:15:00', 1, 0, '', 'https://www.google.com.br/maps/place/Engenharia+de+Produ%C3%A7%C3%A3o/@-27.6004021,-48.5167817,16z/data=!4m5!3m4!1s0x0:0x2345a9d0ebdba625!8m2!3d-27.6010486!4d-48.5177902', 1),
(984, 'UFSC - Meditação Guiada', 'Auditório - CTC - Eng. de Produção', '', '', '2018-12-19 12:15:00', 1, 0, '', 'https://www.google.com.br/maps/place/Engenharia+de+Produ%C3%A7%C3%A3o/@-27.6004021,-48.5167817,16z/data=!4m5!3m4!1s0x0:0x2345a9d0ebdba625!8m2!3d-27.6010486!4d-48.5177902', 1),
(985, 'UFSC - Meditação Guiada', 'Auditório - CTC - Eng. de Produção', '', '', '2019-02-13 12:00:00', 1, 0, '', 'https://www.google.com.br/maps/place/Engenharia+de+Produ%C3%A7%C3%A3o/@-27.6004021,-48.5167817,16z/data=!4m5!3m4!1s0x0:0x2345a9d0ebdba625!8m2!3d-27.6010486!4d-48.5177902', 1),
(986, 'UFSC - Meditação Guiada', 'Auditório - CTC - Eng. de Produção', '', '', '2019-02-20 12:15:00', 1, 0, '', 'https://www.google.com.br/maps/place/Engenharia+de+Produ%C3%A7%C3%A3o/@-27.6004021,-48.5167817,16z/data=!4m5!3m4!1s0x0:0x2345a9d0ebdba625!8m2!3d-27.6010486!4d-48.5177902', 1),
(987, 'UFSC - Meditação Guiada', 'Auditório - CTC - Eng. de Produção', '', '', '2019-02-27 12:15:00', 1, 0, '', 'https://www.google.com.br/maps/place/Engenharia+de+Produ%C3%A7%C3%A3o/@-27.6004021,-48.5167817,16z/data=!4m5!3m4!1s0x0:0x2345a9d0ebdba625!8m2!3d-27.6010486!4d-48.5177902', 1),
(988, 'UFSC - Meditação Guiada', 'Auditório - CTC - Eng. de Produção', '', '', '2019-03-06 12:15:00', 1, 0, '', 'https://www.google.com.br/maps/place/Engenharia+de+Produ%C3%A7%C3%A3o/@-27.6004021,-48.5167817,16z/data=!4m5!3m4!1s0x0:0x2345a9d0ebdba625!8m2!3d-27.6010486!4d-48.5177902', 1),
(989, 'UFSC - Meditação Guiada', 'Auditório - CTC - Eng. de Produção', '', '', '2019-03-13 12:15:00', 1, 0, '', 'https://www.google.com.br/maps/place/Engenharia+de+Produ%C3%A7%C3%A3o/@-27.6004021,-48.5167817,16z/data=!4m5!3m4!1s0x0:0x2345a9d0ebdba625!8m2!3d-27.6010486!4d-48.5177902', 1),
(990, 'UFSC - Meditação Guiada', 'Auditório - CTC - Eng. de Produção', '', '', '2019-03-20 12:15:00', 1, 0, '', 'https://www.google.com.br/maps/place/Engenharia+de+Produ%C3%A7%C3%A3o/@-27.6004021,-48.5167817,16z/data=!4m5!3m4!1s0x0:0x2345a9d0ebdba625!8m2!3d-27.6010486!4d-48.5177902', 1),
(999, 'Happiness Program', 'Sede', 'Av. Paulo VI,1984 Edf. Santa Elisa 2 andar (Ao lado da Labchecap) - Pituba (mapa)', '', '2019-02-08 19:30:00', 10, 0, 'https://www.artedeviver.org.br/atividadedetalhe.php?codturma=10093', '', 1),
(1000, 'Happiness Program', 'Sede', 'Vértice - R. Itaí, 782 - Santa Efigenia ', '', '2019-02-07 19:30:00', 10, 0, 'https://www.artedeviver.org.br/atividadedetalhe.php?codturma=10026', '', 1),
(1003, 'Happiness Program', 'Sede', 'Vértice - R. Itaí, 782 - Santa Efigenia', '', '2019-02-07 19:30:00', 8, 0, 'https://www.artedeviver.org.br/atividadedetalhe.php?codturma=10026', '', 1),
(1013, 'Sessão Experimental', 'Sede', 'R. Patrício Farias, 55 - sala 405 - Itacorubi,', '', '2019-03-05 19:30:00', 1, 0, '', 'https://www.google.com/maps/place/Arte+de+Viver+-+Florian%C3%B3polis/@-27.5750102,-48.5101993,15z/data=!4m2!3m1!1s0x0:0x90dff3559993b212?ved=2ahUKEwjk6py3sLngAhWHt1kKHWI6BIAQ_BIwDnoECAUQCA', 3),
(1014, 'Happiness Program', '--', 'Rua Marechal Deodoro n. 376 - Velha', 'Sexta: 19:30 às 23:00 Sábado e Domingo: 10h às 13h', '2019-03-08 19:30:00', 3, 0, 'https://www.artedeviver.org.br/atividadedetalhe.php?codturma=10143', 'https://www.google.com/maps/place/R.+Mal.+Deodoro,+376+-+Velha,+Blumenau+-+SC,+89036-300/data=!4m2!3m1!1s0x94df192de344e621:0xb6e9ef28e5ded191?ved=2ahUKEwjpi-zpsbngAhUpHbkGHfxfD_oQ8gEwAHoECAAQAQ', 2),
(1012, 'Sessão Experimental', 'Sede', 'R. Patrício Farias, 55 - sala 405 - Itacorubi,', '', '2019-03-12 19:30:00', 1, 0, '', 'https://www.google.com/maps/place/Arte+de+Viver+-+Florian%C3%B3polis/@-27.5750102,-48.5101993,15z/data=!4m2!3m1!1s0x0:0x90dff3559993b212?ved=2ahUKEwjk6py3sLngAhWHt1kKHWI6BIAQ_BIwDnoECAUQCA', 3),
(1008, 'DSN', 'Kailash Yoga', '', '', '2019-02-07 19:30:00', 1, 0, 'https://www.artedeviver.org.br/atividadedetalhe.php?codturma=9889', '', 1),
(1011, 'Happiness Program ', 'Sede', 'R. Patrício Farias, 55 - sala 405 - Itacorubi', '5a, 6a e 2a: 19h30 às 23h; Sáb,Dom: 10h às 17h', '2019-03-14 19:30:00', 1, 0, 'https://www.artedeviver.org.br/atividadedetalhe.php?codturma=10110', 'https://www.google.com/maps/place/Arte+de+Viver+-+Florian%C3%B3polis/@-27.5750102,-48.5101993,15z/data=!4m2!3m1!1s0x0:0x90dff3559993b212?ved=2ahUKEwjk6py3sLngAhWHt1kKHWI6BIAQ_BIwDnoECAUQCA', 2),
(1016, 'Séries de Conhecimento - Ashtavakra Gita - Módulo 1', 'Sede', 'R. Patrício Farias, 55 - sala 405', 'Segundas 20h e Domingos 17h', '2019-02-18 19:30:00', 1, 0, 'https://www.artedeviver.org.br/atividadedetalhe.php?codturma=10165', 'https://www.google.com/maps/place/Arte+de+Viver+-+Florian%C3%B3polis/@-27.5750102,-48.5101993,15z/data=!4m2!3m1!1s0x0:0x90dff3559993b212?ved=2ahUKEwjBpLKLzbngAhUFJrkGHaSADc0Q_BIwCnoECAYQCA', 2),
(1017, 'Satsang!', 'Sede', 'R. Patrício Farias, 55 - sala 405', 'Todo domingo, 18h, Satsang na sede! :)', '2019-02-24 18:00:00', 1, 1, '', 'https://www.google.com/maps/place/Arte+de+Viver+-+Florian%C3%B3polis/@-27.5750102,-48.5101993,15z/data=!4m2!3m1!1s0x0:0x90dff3559993b212?ved=2ahUKEwjBpLKLzbngAhUFJrkGHaSADc0Q_BIwCnoECAYQCA', 4),
(1018, 'Satsang!', 'Sede', 'R. Patrício Farias, 55 - sala 405', 'Todo domingo, 18h, Satsang na sede! :)', '2019-03-03 18:00:00', 1, 1, '', 'https://www.google.com/maps/place/Arte+de+Viver+-+Florian%C3%B3polis/@-27.5750102,-48.5101993,15z/data=!4m2!3m1!1s0x0:0x90dff3559993b212?ved=2ahUKEwjBpLKLzbngAhUFJrkGHaSADc0Q_BIwCnoECAYQCA', 4),
(1019, 'Satsang!', 'Sede', 'R. Patrício Farias, 55 - sala 405', 'Todo domingo, 18h, Satsang na sede! :)', '2019-03-10 18:00:00', 1, 1, '', 'https://www.google.com/maps/place/Arte+de+Viver+-+Florian%C3%B3polis/@-27.5750102,-48.5101993,15z/data=!4m2!3m1!1s0x0:0x90dff3559993b212?ved=2ahUKEwjBpLKLzbngAhUFJrkGHaSADc0Q_BIwCnoECAYQCA', 4),
(1020, 'Satsang!', 'Sede', 'R. Patrício Farias, 55 - sala 405', 'Todo domingo, 18h, Satsang na sede! :)', '2019-03-17 18:00:00', 1, 1, '', 'https://www.google.com/maps/place/Arte+de+Viver+-+Florian%C3%B3polis/@-27.5750102,-48.5101993,15z/data=!4m2!3m1!1s0x0:0x90dff3559993b212?ved=2ahUKEwjBpLKLzbngAhUFJrkGHaSADc0Q_BIwCnoECAYQCA', 4),
(1021, 'Satsang!', 'Sede', 'R. Patrício Farias, 55 - sala 405', 'Todo domingo, 18h, Satsang na sede! :)', '2019-03-24 18:00:00', 1, 1, '', 'https://www.google.com/maps/place/Arte+de+Viver+-+Florian%C3%B3polis/@-27.5750102,-48.5101993,15z/data=!4m2!3m1!1s0x0:0x90dff3559993b212?ved=2ahUKEwjBpLKLzbngAhUFJrkGHaSADc0Q_BIwCnoECAYQCA', 4),
(1022, 'Satsang!', 'Sede', 'R. Patrício Farias, 55 - sala 405', 'Todo domingo, 18h, Satsang na sede! :)', '2019-03-31 18:00:00', 1, 1, '', 'https://www.google.com/maps/place/Arte+de+Viver+-+Florian%C3%B3polis/@-27.5750102,-48.5101993,15z/data=!4m2!3m1!1s0x0:0x90dff3559993b212?ved=2ahUKEwjBpLKLzbngAhUFJrkGHaSADc0Q_BIwCnoECAYQCA', 4);

-- --------------------------------------------------------

--
-- Estrutura da tabela `lista_emails`
--

DROP TABLE IF EXISTS `lista_emails`;
CREATE TABLE `lista_emails` (
  `email` varchar(255) NOT NULL,
  `id` int(10) NOT NULL
) ENGINE=MyISAM DEFAULT CHARSET=utf8;

--
-- Extraindo dados da tabela `lista_emails`
--

INSERT INTO `lista_emails` (`email`, `id`) VALUES
('jaigurudev', 1),
('jgd', 2);

-- --------------------------------------------------------

--
-- Estrutura da tabela `tipo_evento`
--

DROP TABLE IF EXISTS `tipo_evento`;
CREATE TABLE `tipo_evento` (
  `id` int(11) NOT NULL,
  `descricao` varchar(255) NOT NULL
) ENGINE=MyISAM DEFAULT CHARSET=utf8;

--
-- Extraindo dados da tabela `tipo_evento`
--

INSERT INTO `tipo_evento` (`id`, `descricao`) VALUES
(1, 'Eventos abertos'),
(2, 'Cursos'),
(3, 'Aulas experimentais'),
(4, 'Satsangs');

-- --------------------------------------------------------

--
-- Estrutura da tabela `usuarios`
--

DROP TABLE IF EXISTS `usuarios`;
CREATE TABLE `usuarios` (
  `id` int(3) NOT NULL,
  `login` varchar(30) NOT NULL,
  `senha` varchar(255) NOT NULL
) ENGINE=MyISAM DEFAULT CHARSET=utf8;

--
-- Extraindo dados da tabela `usuarios`
--

INSERT INTO `usuarios` (`id`, `login`, `senha`) VALUES
(3, 'adminjgd', 'bcc56d40aaf807e4101902363a7a708d839155b8'),
(2, 'artedeviver', '22666db15e24f78d92613e713610a58034a52204');

--
-- Indexes for dumped tables
--

--
-- Indexes for table `cidades`
--
ALTER TABLE `cidades`
  ADD PRIMARY KEY (`id`);

--
-- Indexes for table `estados`
--
ALTER TABLE `estados`
  ADD PRIMARY KEY (`id`);

--
-- Indexes for table `eventos`
--
ALTER TABLE `eventos`
  ADD PRIMARY KEY (`id`),
  ADD KEY `id_tipo_evento` (`id_tipo_evento`),
  ADD KEY `id_tipo_evento_2` (`id_tipo_evento`),
  ADD KEY `id_tipo_evento_3` (`id_tipo_evento`);

--
-- Indexes for table `lista_emails`
--
ALTER TABLE `lista_emails`
  ADD PRIMARY KEY (`id`);

--
-- Indexes for table `tipo_evento`
--
ALTER TABLE `tipo_evento`
  ADD PRIMARY KEY (`id`);

--
-- Indexes for table `usuarios`
--
ALTER TABLE `usuarios`
  ADD PRIMARY KEY (`id`);

--
-- AUTO_INCREMENT for dumped tables
--

--
-- AUTO_INCREMENT for table `cidades`
--
ALTER TABLE `cidades`
  MODIFY `id` int(11) NOT NULL AUTO_INCREMENT, AUTO_INCREMENT=12;

--
-- AUTO_INCREMENT for table `estados`
--
ALTER TABLE `estados`
  MODIFY `id` int(2) NOT NULL AUTO_INCREMENT, AUTO_INCREMENT=28;

--
-- AUTO_INCREMENT for table `eventos`
--
ALTER TABLE `eventos`
  MODIFY `id` int(11) NOT NULL AUTO_INCREMENT, AUTO_INCREMENT=1023;

--
-- AUTO_INCREMENT for table `lista_emails`
--
ALTER TABLE `lista_emails`
  MODIFY `id` int(10) NOT NULL AUTO_INCREMENT, AUTO_INCREMENT=46;

--
-- AUTO_INCREMENT for table `tipo_evento`
--
ALTER TABLE `tipo_evento`
  MODIFY `id` int(11) NOT NULL AUTO_INCREMENT, AUTO_INCREMENT=5;

--
-- AUTO_INCREMENT for table `usuarios`
--
ALTER TABLE `usuarios`
  MODIFY `id` int(3) NOT NULL AUTO_INCREMENT, AUTO_INCREMENT=4;
COMMIT;

/*!40101 SET CHARACTER_SET_CLIENT=@OLD_CHARACTER_SET_CLIENT */;
/*!40101 SET CHARACTER_SET_RESULTS=@OLD_CHARACTER_SET_RESULTS */;
/*!40101 SET COLLATION_CONNECTION=@OLD_COLLATION_CONNECTION */;
